row_index,v1_probability,v2_probability,absolute_probability_difference,v1_label,v2_label,labels_agree,true_label,threshold
0,0.045839,0.041071,0.004767,No,No,True,No,0.5
1,0.683758,0.770581,0.086823,Yes,Yes,True,No,0.5
2,0.060072,0.068688,0.008616,No,No,True,No,0.5
3,0.399365,0.33092,0.068445,No,No,True,No,0.5
4,0.021614,0.044741,0.023127,No,No,True,No,0.5
5,0.602268,0.540979,0.061289,Yes,Yes,True,No,0.5
6,0.447143,0.424022,0.02312,No,No,True,No,0.5
7,0.128906,0.116058,0.012848,No,No,True,No,0.5
8,0.002897,0.02295,0.020053,No,No,True,No,0.5
9,0.396051,0.345377,0.050674,No,No,True,Yes,0.5
10,0.265793,0.31012,0.044327,No,No,True,No,0.5
11,0.062833,0.04175,0.021083,No,No,True,No,0.5
12,0.128964,0.17797,0.049006,No,No,True,No,0.5
13,0.685226,0.639128,0.046098,Yes,Yes,True,Yes,0.5
14,0.128647,0.133772,0.005125,No,No,True,No,0.5
15,0.058502,0.077345,0.018843,No,No,True,No,0.5
16,0.033118,0.033206,8.8e-05,No,No,True,No,0.5
17,0.637603,0.598739,0.038864,Yes,Yes,True,No,0.5
18,0.180893,0.205723,0.024829,No,No,True,No,0.5
19,0.085634,0.065092,0.020541,No,No,True,No,0.5
20,0.725361,0.67342,0.05194,Yes,Yes,True,Yes,0.5
21,0.264888,0.272328,0.00744,No,No,True,No,0.5
22,0.016986,0.043335,0.026349,No,No,True,No,0.5
23,0.037011,0.044997,0.007987,No,No,True,No,0.5
24,0.180267,0.201356,0.021089,No,No,True,No,0.5
25,0.211389,0.171487,0.039902,No,No,True,No,0.5
26,0.571568,0.38382,0.187748,Yes,No,False,Yes,0.5
27,0.693443,0.676923,0.01652,Yes,Yes,True,Yes,0.5
28,0.019113,0.030827,0.011714,No,No,True,No,0.5
29,0.775706,0.735002,0.040705,Yes,Yes,True,Yes,0.5
30,0.442698,0.429214,0.013484,No,No,True,No,0.5
31,0.436067,0.470169,0.034102,No,No,True,No,0.5
32,0.005452,0.040981,0.035529,No,No,True,No,0.5
33,0.004948,0.025022,0.020074,No,No,True,No,0.5
34,0.779077,0.735002,0.044075,Yes,Yes,True,Yes,0.5
35,0.252187,0.305731,0.053544,No,No,True,No,0.5
36,0.378976,0.501651,0.122675,No,Yes,False,Yes,0.5
37,0.00205,0.024213,0.022163,No,No,True,No,0.5
38,0.758924,0.839883,0.080958,Yes,Yes,True,Yes,0.5
39,0.184342,0.195729,0.011387,No,No,True,Yes,0.5
40,0.002806,0.02716,0.024354,No,No,True,No,0.5
41,0.787546,0.804677,0.017131,Yes,Yes,True,No,0.5
42,0.347744,0.297144,0.0506,No,No,True,No,0.5
43,0.241058,0.152236,0.088822,No,No,True,No,0.5
44,0.0419,0.072126,0.030226,No,No,True,No,0.5
45,0.514767,0.605427,0.09066,Yes,Yes,True,Yes,0.5
46,0.709722,0.708443,0.001279,Yes,Yes,True,No,0.5
47,0.371869,0.259228,0.112642,No,No,True,No,0.5
48,0.005396,0.03769,0.032294,No,No,True,No,0.5
49,0.411245,0.25724,0.154005,No,No,True,Yes,0.5
50,0.00451,0.024361,0.019851,No,No,True,No,0.5
51,0.721588,0.84468,0.123092,Yes,Yes,True,Yes,0.5
52,0.175874,0.141249,0.034625,No,No,True,No,0.5
53,0.26571,0.28924,0.02353,No,No,True,No,0.5
54,0.215277,0.365063,0.149787,No,No,True,No,0.5
55,0.615041,0.587689,0.027352,Yes,Yes,True,Yes,0.5
56,0.060365,0.084046,0.023681,No,No,True,No,0.5
57,0.055013,0.07209,0.017077,No,No,True,No,0.5
58,0.072806,0.06565,0.007156,No,No,True,No,0.5
59,0.003337,0.023573,0.020236,No,No,True,No,0.5
60,0.006708,0.023838,0.01713,No,No,True,No,0.5
61,0.030075,0.050463,0.020388,No,No,True,Yes,0.5
62,0.185487,0.11076,0.074727,No,No,True,No,0.5
63,0.182307,0.162113,0.020195,No,No,True,No,0.5
64,0.260385,0.295906,0.035521,No,No,True,Yes,0.5
65,0.367397,0.454036,0.086639,No,No,True,Yes,0.5
66,0.20781,0.153722,0.054089,No,No,True,Yes,0.5
67,0.285386,0.213949,0.071437,No,No,True,Yes,0.5
68,0.211564,0.120886,0.090679,No,No,True,Yes,0.5
69,0.637556,0.818386,0.180831,Yes,Yes,True,Yes,0.5
70,0.002547,0.022592,0.020045,No,No,True,No,0.5
71,0.012999,0.030314,0.017315,No,No,True,No,0.5
72,0.62187,0.521686,0.100184,Yes,Yes,True,Yes,0.5
73,0.20518,0.099346,0.105834,No,No,True,No,0.5
74,0.026778,0.058972,0.032194,No,No,True,No,0.5
75,0.04938,0.049528,0.000148,No,No,True,No,0.5
76,0.063168,0.100144,0.036976,No,No,True,No,0.5
77,0.532825,0.513132,0.019693,Yes,Yes,True,Yes,0.5
78,0.243469,0.152339,0.09113,No,No,True,No,0.5
79,0.002991,0.02289,0.019899,No,No,True,No,0.5
80,0.048034,0.049528,0.001494,No,No,True,No,0.5
81,0.012799,0.028514,0.015714,No,No,True,No,0.5
82,0.233959,0.227639,0.006321,No,No,True,Yes,0.5
83,0.790673,0.832239,0.041566,Yes,Yes,True,Yes,0.5
84,0.070766,0.051133,0.019633,No,No,True,No,0.5
85,0.385008,0.356725,0.028283,No,No,True,No,0.5
86,0.661285,0.638495,0.022791,Yes,Yes,True,No,0.5
87,0.519992,0.670198,0.150206,Yes,Yes,True,Yes,0.5
88,0.495438,0.484445,0.010993,No,No,True,Yes,0.5
89,0.096078,0.118181,0.022103,No,No,True,No,0.5
90,0.6207,0.463727,0.156973,Yes,No,False,Yes,0.5
91,0.316178,0.305977,0.010201,No,No,True,No,0.5
92,0.013492,0.028695,0.015203,No,No,True,No,0.5
93,0.603002,0.530336,0.072667,Yes,Yes,True,Yes,0.5
94,0.296718,0.516505,0.219786,No,Yes,False,Yes,0.5
95,0.016573,0.029165,0.012592,No,No,True,No,0.5
96,0.430407,0.533339,0.102932,No,Yes,False,No,0.5
97,0.004333,0.025924,0.02159,No,No,True,No,0.5
98,0.680791,0.749148,0.068358,Yes,Yes,True,Yes,0.5
99,0.17461,0.129482,0.045128,No,No,True,No,0.5
100,0.765722,0.694178,0.071543,Yes,Yes,True,Yes,0.5
101,0.639228,0.610736,0.028493,Yes,Yes,True,Yes,0.5
102,0.523915,0.486164,0.037751,Yes,No,False,No,0.5
103,0.439039,0.335585,0.103454,No,No,True,Yes,0.5
104,0.283486,0.256211,0.027275,No,No,True,Yes,0.5
105,0.00178,0.022396,0.020616,No,No,True,No,0.5
106,0.111365,0.213608,0.102243,No,No,True,No,0.5
107,0.048382,0.061556,0.013173,No,No,True,No,0.5
108,0.046244,0.08935,0.043107,No,No,True,No,0.5
109,0.045576,0.091642,0.046066,No,No,True,No,0.5
110,0.012784,0.038015,0.02523,No,No,True,No,0.5
111,0.637263,0.6997,0.062437,Yes,Yes,True,No,0.5
112,0.177812,0.14971,0.028102,No,No,True,No,0.5
113,0.54428,0.583336,0.039056,Yes,Yes,True,No,0.5
114,0.654135,0.710408,0.056273,Yes,Yes,True,Yes,0.5
115,0.042465,0.095786,0.053321,No,No,True,No,0.5
116,0.505417,0.498919,0.006498,Yes,No,False,Yes,0.5
117,0.476431,0.421229,0.055202,No,No,True,No,0.5
118,0.038007,0.090034,0.052027,No,No,True,No,0.5
119,0.004587,0.02415,0.019563,No,No,True,No,0.5
120,0.042428,0.045337,0.002909,No,No,True,No,0.5
121,0.603482,0.769914,0.166433,Yes,Yes,True,Yes,0.5
122,0.015607,0.030033,0.014427,No,No,True,No,0.5
123,0.041351,0.04909,0.007739,No,No,True,No,0.5
124,0.699422,0.797594,0.098172,Yes,Yes,True,Yes,0.5
125,0.016478,0.031642,0.015165,No,No,True,No,0.5
126,0.392439,0.368097,0.024343,No,No,True,Yes,0.5
127,0.205131,0.194224,0.010906,No,No,True,No,0.5
128,0.662496,0.474467,0.188029,Yes,No,False,Yes,0.5
129,0.124966,0.098971,0.025996,No,No,True,No,0.5
130,0.18871,0.296145,0.107435,No,No,True,Yes,0.5
131,0.394761,0.290288,0.104472,No,No,True,Yes,0.5
132,0.115147,0.170128,0.054981,No,No,True,No,0.5
133,0.208741,0.12852,0.080221,No,No,True,No,0.5
134,0.037726,0.047146,0.00942,No,No,True,No,0.5
135,0.185817,0.324396,0.138579,No,No,True,No,0.5
136,0.042463,0.03312,0.009344,No,No,True,No,0.5
137,0.092689,0.106158,0.01347,No,No,True,No,0.5
138,0.008216,0.028116,0.0199,No,No,True,No,0.5
139,0.285185,0.402739,0.117554,No,No,True,Yes,0.5
140,0.049543,0.052082,0.002539,No,No,True,No,0.5
141,0.088618,0.09083,0.002212,No,No,True,No,0.5
142,0.55156,0.576337,0.024777,Yes,Yes,True,No,0.5
143,0.014972,0.061947,0.046975,No,No,True,No,0.5
144,0.030749,0.042937,0.012188,No,No,True,No,0.5
145,0.061744,0.123206,0.061462,No,No,True,No,0.5
146,0.03942,0.09786,0.05844,No,No,True,No,0.5
147,0.312214,0.340332,0.028118,No,No,True,Yes,0.5
148,0.457529,0.337659,0.119869,No,No,True,No,0.5
149,0.403964,0.32012,0.083844,No,No,True,No,0.5
150,0.015056,0.029952,0.014896,No,No,True,No,0.5
151,0.512039,0.452297,0.059742,Yes,No,False,No,0.5
152,0.138548,0.119754,0.018794,No,No,True,No,0.5
153,0.318282,0.257208,0.061073,No,No,True,No,0.5
154,0.770974,0.758952,0.012022,Yes,Yes,True,Yes,0.5
155,0.382603,0.447791,0.065188,No,No,True,No,0.5
156,0.57791,0.564037,0.013873,Yes,Yes,True,No,0.5
157,0.421555,0.497783,0.076229,No,No,True,Yes,0.5
158,0.435787,0.578318,0.142532,No,Yes,False,Yes,0.5
159,0.513335,0.389351,0.123984,Yes,No,False,Yes,0.5
160,0.044261,0.090925,0.046664,No,No,True,No,0.5
161,0.148004,0.10806,0.039944,No,No,True,No,0.5
162,0.001773,0.021225,0.019452,No,No,True,No,0.5
163,0.009286,0.024719,0.015433,No,No,True,No,0.5
164,0.11158,0.075003,0.036577,No,No,True,No,0.5
165,0.181084,0.126421,0.054663,No,No,True,Yes,0.5
166,0.040275,0.05324,0.012965,No,No,True,No,0.5
167,0.13472,0.183833,0.049114,No,No,True,Yes,0.5
168,0.120821,0.102114,0.018707,No,No,True,No,0.5
169,0.011229,0.031025,0.019795,No,No,True,No,0.5
170,0.46629,0.343823,0.122467,No,No,True,No,0.5
171,0.751684,0.830593,0.078909,Yes,Yes,True,Yes,0.5
172,0.12,0.151064,0.031064,No,No,True,No,0.5
173,0.194589,0.303115,0.108525,No,No,True,Yes,0.5
174,0.388518,0.440873,0.052355,No,No,True,No,0.5
175,0.537755,0.478275,0.05948,Yes,No,False,No,0.5
176,0.005195,0.023717,0.018522,No,No,True,No,0.5
177,0.004381,0.023717,0.019336,No,No,True,No,0.5
178,0.391607,0.340579,0.051028,No,No,True,No,0.5
179,0.157306,0.188106,0.0308,No,No,True,No,0.5
180,0.589267,0.552056,0.037211,Yes,Yes,True,Yes,0.5
181,0.041557,0.113128,0.071571,No,No,True,No,0.5
182,0.730927,0.736296,0.005369,Yes,Yes,True,Yes,0.5
183,0.253952,0.263495,0.009543,No,No,True,Yes,0.5
184,0.001745,0.022396,0.020651,No,No,True,No,0.5
185,0.262209,0.271379,0.009169,No,No,True,No,0.5
186,0.038585,0.111046,0.072461,No,No,True,No,0.5
187,0.38082,0.420358,0.039538,No,No,True,Yes,0.5
188,0.122117,0.112513,0.009604,No,No,True,No,0.5
189,0.030297,0.054719,0.024421,No,No,True,No,0.5
190,0.155488,0.19528,0.039792,No,No,True,No,0.5
191,0.38016,0.474722,0.094561,No,No,True,No,0.5
192,0.662252,0.594806,0.067447,Yes,Yes,True,Yes,0.5
193,0.021987,0.02502,0.003032,No,No,True,No,0.5
194,0.511097,0.435723,0.075374,Yes,No,False,No,0.5
195,0.407132,0.367118,0.040014,No,No,True,No,0.5
196,0.224937,0.407005,0.182068,No,No,True,No,0.5
197,0.455578,0.185668,0.26991,No,No,True,No,0.5
198,0.443492,0.438682,0.00481,No,No,True,No,0.5
199,0.477923,0.414249,0.063674,No,No,True,No,0.5
200,0.189525,0.195883,0.006358,No,No,True,No,0.5
201,0.017144,0.024423,0.007279,No,No,True,No,0.5
202,0.061896,0.053782,0.008114,No,No,True,No,0.5
203,0.053343,0.082272,0.028929,No,No,True,No,0.5
204,0.184769,0.153013,0.031756,No,No,True,No,0.5
205,0.116282,0.109392,0.00689,No,No,True,No,0.5
206,0.058651,0.128031,0.06938,No,No,True,No,0.5
207,0.202927,0.147077,0.05585,No,No,True,No,0.5
208,0.21838,0.338454,0.120074,No,No,True,No,0.5
209,0.0043,0.025157,0.020857,No,No,True,No,0.5
210,0.141822,0.148495,0.006672,No,No,True,Yes,0.5
211,0.370113,0.517348,0.147235,No,Yes,False,No,0.5
212,0.42858,0.166707,0.261873,No,No,True,Yes,0.5
213,0.038453,0.033305,0.005148,No,No,True,No,0.5
214,0.010729,0.053306,0.042578,No,No,True,No,0.5
215,0.419532,0.290288,0.129244,No,No,True,No,0.5
216,0.004002,0.026153,0.02215,No,No,True,No,0.5
217,0.527841,0.451983,0.075858,Yes,No,False,No,0.5
218,0.531019,0.495148,0.035871,Yes,No,False,Yes,0.5
219,0.08513,0.094824,0.009693,No,No,True,Yes,0.5
220,0.106369,0.104621,0.001748,No,No,True,No,0.5
221,0.157781,0.122107,0.035673,No,No,True,No,0.5
222,0.497144,0.306182,0.190962,No,No,True,No,0.5
223,0.069015,0.07762,0.008605,No,No,True,No,0.5
224,0.71723,0.666394,0.050836,Yes,Yes,True,No,0.5
225,0.104958,0.139636,0.034679,No,No,True,No,0.5
226,0.002489,0.021169,0.01868,No,No,True,No,0.5
227,0.172008,0.123583,0.048425,No,No,True,No,0.5
228,0.718277,0.648281,0.069996,Yes,Yes,True,Yes,0.5
229,0.780124,0.673722,0.106402,Yes,Yes,True,No,0.5
230,0.091827,0.189744,0.097917,No,No,True,No,0.5
231,0.630771,0.498181,0.13259,Yes,No,False,Yes,0.5
232,0.495909,0.341765,0.154144,No,No,True,No,0.5
233,0.026289,0.047236,0.020947,No,No,True,No,0.5
234,0.724313,0.833946,0.109633,Yes,Yes,True,Yes,0.5
235,0.740493,0.755307,0.014814,Yes,Yes,True,Yes,0.5
236,0.323656,0.341943,0.018286,No,No,True,Yes,0.5
237,0.426505,0.307139,0.119365,No,No,True,No,0.5
238,0.091745,0.140271,0.048525,No,No,True,No,0.5
239,0.576777,0.463527,0.113251,Yes,No,False,No,0.5
240,0.662125,0.688947,0.026822,Yes,Yes,True,Yes,0.5
241,0.556514,0.497772,0.058742,Yes,No,False,Yes,0.5
242,0.081156,0.068963,0.012193,No,No,True,No,0.5
243,0.101954,0.097183,0.00477,No,No,True,No,0.5
244,0.414061,0.573734,0.159673,No,Yes,False,Yes,0.5
245,0.544529,0.5459,0.001371,Yes,Yes,True,Yes,0.5
246,0.593582,0.607591,0.014009,Yes,Yes,True,Yes,0.5
247,0.039254,0.047294,0.008041,No,No,True,No,0.5
248,0.037997,0.03262,0.005377,No,No,True,No,0.5
249,0.380114,0.374084,0.00603,No,No,True,No,0.5
250,0.040167,0.044258,0.004091,No,No,True,No,0.5
251,0.134757,0.09655,0.038206,No,No,True,No,0.5
252,0.104312,0.111932,0.00762,No,No,True,No,0.5
253,0.030592,0.060555,0.029963,No,No,True,No,0.5
254,0.263662,0.319656,0.055994,No,No,True,Yes,0.5
255,0.028108,0.028695,0.000587,No,No,True,No,0.5
256,0.102047,0.064739,0.037308,No,No,True,No,0.5
257,0.322827,0.245643,0.077183,No,No,True,No,0.5
258,0.273511,0.281302,0.007791,No,No,True,No,0.5
259,0.369461,0.403547,0.034086,No,No,True,No,0.5
260,0.469365,0.396946,0.072419,No,No,True,No,0.5
261,0.073142,0.120826,0.047684,No,No,True,No,0.5
262,0.003393,0.022533,0.019139,No,No,True,No,0.5
263,0.140747,0.147411,0.006664,No,No,True,No,0.5
264,0.519989,0.717551,0.197562,Yes,Yes,True,Yes,0.5
265,0.189574,0.146319,0.043254,No,No,True,Yes,0.5
266,0.603962,0.502769,0.101193,Yes,Yes,True,Yes,0.5
267,0.01284,0.043168,0.030328,No,No,True,No,0.5
268,0.463849,0.384481,0.079368,No,No,True,No,0.5
269,0.475818,0.60318,0.127362,No,Yes,False,No,0.5
270,0.548903,0.472537,0.076366,Yes,No,False,No,0.5
271,0.004042,0.025346,0.021305,No,No,True,No,0.5
272,0.304886,0.432617,0.127731,No,No,True,No,0.5
273,0.317182,0.187819,0.129364,No,No,True,No,0.5
274,0.064353,0.044637,0.019716,No,No,True,No,0.5
275,0.603987,0.67459,0.070604,Yes,Yes,True,No,0.5
276,0.648676,0.815417,0.166741,Yes,Yes,True,Yes,0.5
277,0.620104,0.453344,0.166761,Yes,No,False,No,0.5
278,0.793713,0.830593,0.036879,Yes,Yes,True,Yes,0.5
279,0.11511,0.098971,0.016139,No,No,True,No,0.5
280,0.566281,0.492509,0.073772,Yes,No,False,No,0.5
281,0.122711,0.09655,0.02616,No,No,True,No,0.5
282,0.421476,0.446232,0.024755,No,No,True,No,0.5
283,0.072204,0.05681,0.015394,No,No,True,No,0.5
284,0.499824,0.511043,0.011219,No,Yes,False,No,0.5
285,0.744259,0.718683,0.025576,Yes,Yes,True,Yes,0.5
286,0.284338,0.189298,0.09504,No,No,True,Yes,0.5
287,0.073951,0.074877,0.000926,No,No,True,No,0.5
288,0.619984,0.51331,0.106674,Yes,Yes,True,Yes,0.5
289,0.030794,0.044258,0.013464,No,No,True,No,0.5
290,0.189891,0.376836,0.186945,No,No,True,No,0.5
291,0.12228,0.193468,0.071188,No,No,True,No,0.5
292,0.042948,0.037774,0.005175,No,No,True,No,0.5
293,0.072352,0.100458,0.028107,No,No,True,No,0.5
294,0.099764,0.063793,0.035971,No,No,True,No,0.5
295,0.325329,0.158285,0.167044,No,No,True,No,0.5
296,0.37676,0.350095,0.026664,No,No,True,No,0.5
297,0.104244,0.094413,0.009831,No,No,True,Yes,0.5
298,0.022117,0.04306,0.020943,No,No,True,No,0.5
299,0.087143,0.050965,0.036178,No,No,True,No,0.5
300,0.003616,0.022866,0.01925,No,No,True,No,0.5
301,0.361537,0.286171,0.075366,No,No,True,Yes,0.5
302,0.603694,0.507724,0.09597,Yes,Yes,True,No,0.5
303,0.01356,0.046065,0.032505,No,No,True,No,0.5
304,0.739741,0.686146,0.053595,Yes,Yes,True,Yes,0.5
305,0.233375,0.182478,0.050897,No,No,True,No,0.5
306,0.033406,0.082722,0.049316,No,No,True,No,0.5
307,0.138506,0.081387,0.057119,No,No,True,No,0.5
308,0.191314,0.135523,0.055791,No,No,True,No,0.5
309,0.208535,0.122419,0.086116,No,No,True,No,0.5
310,0.642092,0.63873,0.003362,Yes,Yes,True,No,0.5
311,0.591178,0.502769,0.088409,Yes,Yes,True,No,0.5
312,0.040705,0.063916,0.023211,No,No,True,No,0.5
313,0.026017,0.065714,0.039697,No,No,True,No,0.5
314,0.071092,0.063084,0.008008,No,No,True,No,0.5
315,0.016479,0.043305,0.026826,No,No,True,No,0.5
316,0.099994,0.122032,0.022038,No,No,True,No,0.5
317,0.127962,0.076342,0.051621,No,No,True,No,0.5
318,0.270647,0.345901,0.075254,No,No,True,Yes,0.5
319,0.543922,0.615647,0.071724,Yes,Yes,True,Yes,0.5
320,0.492734,0.439411,0.053323,No,No,True,No,0.5
321,0.608741,0.552056,0.056685,Yes,Yes,True,No,0.5
322,0.294121,0.561217,0.267097,No,Yes,False,Yes,0.5
323,0.122945,0.09655,0.026395,No,No,True,No,0.5
324,0.304357,0.297144,0.007213,No,No,True,No,0.5
325,0.045935,0.045079,0.000857,No,No,True,No,0.5
326,0.050959,0.11912,0.068161,No,No,True,Yes,0.5
327,0.623105,0.592645,0.03046,Yes,Yes,True,No,0.5
328,0.085661,0.075784,0.009877,No,No,True,No,0.5
329,0.009343,0.03416,0.024817,No,No,True,No,0.5
330,0.192069,0.296145,0.104076,No,No,True,No,0.5
331,0.18265,0.162673,0.019977,No,No,True,Yes,0.5
332,0.039897,0.060888,0.020991,No,No,True,No,0.5
333,0.049179,0.045086,0.004093,No,No,True,No,0.5
334,0.012996,0.028445,0.015449,No,No,True,No,0.5
335,0.013178,0.039069,0.025891,No,No,True,No,0.5
336,0.517181,0.533339,0.016158,Yes,Yes,True,Yes,0.5
337,0.05443,0.118197,0.063767,No,No,True,No,0.5
338,0.006021,0.024423,0.018401,No,No,True,No,0.5
339,0.025434,0.040843,0.015409,No,No,True,No,0.5
340,0.012035,0.025579,0.013544,No,No,True,No,0.5
341,0.7075,0.797594,0.090095,Yes,Yes,True,Yes,0.5
342,0.138342,0.195729,0.057387,No,No,True,No,0.5
343,0.317916,0.343508,0.025593,No,No,True,Yes,0.5
344,0.765316,0.840697,0.075381,Yes,Yes,True,Yes,0.5
345,0.058067,0.057993,7.5e-05,No,No,True,Yes,0.5
346,0.008996,0.026768,0.017772,No,No,True,No,0.5
347,0.569228,0.445226,0.124003,Yes,No,False,Yes,0.5
348,0.185709,0.172911,0.012798,No,No,True,No,0.5
349,0.700378,0.58429,0.116088,Yes,Yes,True,Yes,0.5
350,0.170209,0.107986,0.062223,No,No,True,No,0.5
351,0.099104,0.072305,0.026799,No,No,True,Yes,0.5
352,0.268215,0.128136,0.140079,No,No,True,No,0.5
353,0.249482,0.205353,0.044129,No,No,True,No,0.5
354,0.002495,0.021411,0.018916,No,No,True,No,0.5
355,0.268332,0.204254,0.064079,No,No,True,No,0.5
356,0.072106,0.118576,0.046471,No,No,True,No,0.5
357,0.573586,0.534101,0.039485,Yes,Yes,True,No,0.5
358,0.049673,0.098624,0.048951,No,No,True,No,0.5
359,0.739374,0.699965,0.039409,Yes,Yes,True,Yes,0.5
360,0.692452,0.684683,0.007769,Yes,Yes,True,Yes,0.5
361,0.039606,0.034734,0.004872,No,No,True,No,0.5
362,0.103568,0.145774,0.042206,No,No,True,No,0.5
363,0.248062,0.259685,0.011623,No,No,True,No,0.5
364,0.099546,0.129764,0.030218,No,No,True,No,0.5
365,0.070432,0.130411,0.059978,No,No,True,Yes,0.5
366,0.234532,0.170772,0.06376,No,No,True,No,0.5
367,0.061307,0.064671,0.003364,No,No,True,No,0.5
368,0.029816,0.047847,0.018031,No,No,True,No,0.5
369,0.608855,0.545843,0.063012,Yes,Yes,True,No,0.5
370,0.54113,0.566044,0.024914,Yes,Yes,True,Yes,0.5
371,0.654549,0.557598,0.096951,Yes,Yes,True,No,0.5
372,0.303492,0.301298,0.002194,No,No,True,No,0.5
373,0.238103,0.289115,0.051013,No,No,True,No,0.5
374,0.315533,0.150008,0.165525,No,No,True,Yes,0.5
375,0.124424,0.098795,0.025629,No,No,True,No,0.5
376,0.078713,0.11878,0.040067,No,No,True,No,0.5
377,0.409263,0.27424,0.135023,No,No,True,No,0.5
378,0.099187,0.125856,0.026669,No,No,True,Yes,0.5
379,0.065309,0.048252,0.017057,No,No,True,No,0.5
380,0.091773,0.134026,0.042253,No,No,True,No,0.5
381,0.160243,0.371041,0.210799,No,No,True,No,0.5
382,0.022515,0.028256,0.005741,No,No,True,No,0.5
383,0.622961,0.677694,0.054734,Yes,Yes,True,No,0.5
384,0.350009,0.252683,0.097326,No,No,True,Yes,0.5
385,0.342012,0.332818,0.009194,No,No,True,No,0.5
386,0.32003,0.322682,0.002652,No,No,True,Yes,0.5
387,0.695104,0.642808,0.052296,Yes,Yes,True,Yes,0.5
388,0.011648,0.042937,0.031288,No,No,True,No,0.5
389,0.472579,0.489756,0.017178,No,No,True,Yes,0.5
390,0.022939,0.041931,0.018993,No,No,True,No,0.5
391,0.061265,0.055445,0.005821,No,No,True,No,0.5
392,0.460626,0.544203,0.083576,No,Yes,False,No,0.5
393,0.027998,0.046265,0.018267,No,No,True,No,0.5
394,0.308215,0.1902,0.118015,No,No,True,No,0.5
395,0.092953,0.092861,9.2e-05,No,No,True,No,0.5
396,0.033169,0.033248,7.9e-05,No,No,True,No,0.5
397,0.034698,0.05448,0.019782,No,No,True,No,0.5
398,0.009916,0.025085,0.01517,No,No,True,No,0.5
399,0.439635,0.578318,0.138684,No,Yes,False,Yes,0.5
400,0.038803,0.040676,0.001873,No,No,True,No,0.5
401,0.239648,0.343794,0.104146,No,No,True,No,0.5
402,0.224166,0.248641,0.024475,No,No,True,No,0.5
403,0.258245,0.163301,0.094944,No,No,True,No,0.5
404,0.003416,0.02415,0.020734,No,No,True,No,0.5
405,0.263734,0.216639,0.047095,No,No,True,No,0.5
406,0.085912,0.044471,0.041442,No,No,True,Yes,0.5
407,0.484461,0.355157,0.129304,No,No,True,No,0.5
408,0.705426,0.673682,0.031744,Yes,Yes,True,Yes,0.5
409,0.03351,0.053396,0.019887,No,No,True,No,0.5
410,0.242884,0.428889,0.186005,No,No,True,Yes,0.5
411,0.636287,0.54023,0.096057,Yes,Yes,True,Yes,0.5
412,0.57959,0.558457,0.021132,Yes,Yes,True,Yes,0.5
413,0.526243,0.429799,0.096444,Yes,No,False,Yes,0.5
414,0.17159,0.074953,0.096637,No,No,True,No,0.5
415,0.292049,0.17878,0.113268,No,No,True,No,0.5
416,0.193026,0.376836,0.18381,No,No,True,No,0.5
417,0.769507,0.697701,0.071806,Yes,Yes,True,Yes,0.5
418,0.094501,0.069609,0.024892,No,No,True,Yes,0.5
419,0.549073,0.33754,0.211533,Yes,No,False,Yes,0.5
420,0.063091,0.080639,0.017548,No,No,True,No,0.5
421,0.190612,0.115052,0.075561,No,No,True,No,0.5
422,0.546213,0.358311,0.187902,Yes,No,False,No,0.5
423,0.448884,0.382469,0.066414,No,No,True,Yes,0.5
424,0.005326,0.038418,0.033093,No,No,True,No,0.5
425,0.191234,0.311724,0.120489,No,No,True,No,0.5
426,0.496687,0.516348,0.01966,No,Yes,False,No,0.5
427,0.623377,0.601303,0.022074,Yes,Yes,True,No,0.5
428,0.002771,0.02415,0.021379,No,No,True,No,0.5
429,0.002803,0.02295,0.020147,No,No,True,No,0.5
430,0.037127,0.031779,0.005349,No,No,True,No,0.5
431,0.179347,0.272175,0.092827,No,No,True,No,0.5
432,0.159226,0.068576,0.090649,No,No,True,No,0.5
433,0.131858,0.172312,0.040454,No,No,True,No,0.5
434,0.08568,0.136861,0.051181,No,No,True,No,0.5
435,0.672498,0.781,0.108503,Yes,Yes,True,Yes,0.5
436,0.008741,0.05259,0.043849,No,No,True,No,0.5
437,0.027326,0.060178,0.032852,No,No,True,No,0.5
438,0.094842,0.133113,0.038271,No,No,True,No,0.5
439,0.262974,0.195465,0.067509,No,No,True,No,0.5
440,0.130369,0.16873,0.038361,No,No,True,No,0.5
441,0.541201,0.535394,0.005807,Yes,Yes,True,Yes,0.5
442,0.10726,0.127462,0.020202,No,No,True,No,0.5
443,0.205203,0.197806,0.007397,No,No,True,No,0.5
444,0.237324,0.169617,0.067708,No,No,True,Yes,0.5
445,0.307354,0.381508,0.074154,No,No,True,No,0.5
446,0.006309,0.026381,0.020072,No,No,True,No,0.5
447,0.019812,0.056433,0.036621,No,No,True,No,0.5
448,0.564128,0.416145,0.147983,Yes,No,False,No,0.5
449,0.609147,0.609646,0.000499,Yes,Yes,True,No,0.5
450,0.521865,0.593807,0.071942,Yes,Yes,True,No,0.5
451,0.079222,0.109373,0.030151,No,No,True,No,0.5
452,0.172833,0.149078,0.023755,No,No,True,No,0.5
453,0.226324,0.165853,0.060471,No,No,True,No,0.5
454,0.773266,0.772231,0.001035,Yes,Yes,True,No,0.5
455,0.002395,0.020816,0.018421,No,No,True,No,0.5
456,0.278782,0.282993,0.00421,No,No,True,Yes,0.5
457,0.006593,0.022104,0.015511,No,No,True,No,0.5
458,0.009251,0.032065,0.022814,No,No,True,No,0.5
459,0.424402,0.272458,0.151944,No,No,True,Yes,0.5
460,0.024391,0.02794,0.003549,No,No,True,No,0.5
461,0.166136,0.168379,0.002242,No,No,True,Yes,0.5
462,0.276366,0.26102,0.015346,No,No,True,No,0.5
463,0.037511,0.03927,0.00176,No,No,True,No,0.5
464,0.006722,0.027229,0.020507,No,No,True,No,0.5
465,0.065273,0.096973,0.0317,No,No,True,No,0.5
466,0.035024,0.068106,0.033082,No,No,True,No,0.5
467,0.471788,0.313197,0.15859,No,No,True,No,0.5
468,0.16502,0.106646,0.058374,No,No,True,No,0.5
469,0.05075,0.045075,0.005675,No,No,True,No,0.5
470,0.176774,0.15332,0.023454,No,No,True,Yes,0.5
471,0.08955,0.177792,0.088242,No,No,True,No,0.5
472,0.158199,0.075775,0.082424,No,No,True,No,0.5
473,0.033648,0.095013,0.061364,No,No,True,No,0.5
474,0.084655,0.161845,0.07719,No,No,True,No,0.5
475,0.002471,0.021411,0.01894,No,No,True,No,0.5
476,0.224759,0.295554,0.070796,No,No,True,No,0.5
477,0.393391,0.285949,0.107442,No,No,True,No,0.5
478,0.493653,0.413443,0.08021,No,No,True,Yes,0.5
479,0.573933,0.473693,0.10024,Yes,No,False,Yes,0.5
480,0.598555,0.631144,0.03259,Yes,Yes,True,No,0.5
481,0.567382,0.490418,0.076964,Yes,No,False,No,0.5
482,0.002542,0.021411,0.018869,No,No,True,No,0.5
483,0.35186,0.277105,0.074755,No,No,True,Yes,0.5
484,0.70676,0.701795,0.004965,Yes,Yes,True,No,0.5
485,0.020303,0.030114,0.009811,No,No,True,No,0.5
486,0.008331,0.027092,0.018761,No,No,True,No,0.5
487,0.049534,0.048252,0.001283,No,No,True,No,0.5
488,0.741478,0.693503,0.047974,Yes,Yes,True,Yes,0.5
489,0.265458,0.285411,0.019954,No,No,True,No,0.5
490,0.479925,0.413054,0.066871,No,No,True,No,0.5
491,0.6874,0.615438,0.071962,Yes,Yes,True,No,0.5
492,0.158581,0.211022,0.052441,No,No,True,No,0.5
493,0.508195,0.590746,0.082551,Yes,Yes,True,No,0.5
494,0.004909,0.023717,0.018808,No,No,True,No,0.5
495,0.57718,0.659866,0.082686,Yes,Yes,True,No,0.5
496,0.244602,0.159898,0.084705,No,No,True,No,0.5
497,0.351823,0.311015,0.040807,No,No,True,Yes,0.5
498,0.019001,0.045433,0.026432,No,No,True,No,0.5
499,0.580935,0.519979,0.060956,Yes,Yes,True,No,0.5
500,0.009344,0.026064,0.01672,No,No,True,No,0.5
501,0.306309,0.32638,0.020071,No,No,True,No,0.5
502,0.53703,0.526504,0.010526,Yes,Yes,True,No,0.5
503,0.002505,0.021411,0.018906,No,No,True,No,0.5
504,0.049636,0.07462,0.024984,No,No,True,No,0.5
505,0.023837,0.035302,0.011465,No,No,True,No,0.5
506,0.238688,0.229763,0.008925,No,No,True,No,0.5
507,0.003892,0.02289,0.018998,No,No,True,No,0.5
508,0.315943,0.407423,0.09148,No,No,True,Yes,0.5
509,0.005744,0.024224,0.01848,No,No,True,No,0.5
510,0.806242,0.794714,0.011528,Yes,Yes,True,Yes,0.5
511,0.090266,0.115276,0.02501,No,No,True,Yes,0.5
512,0.116397,0.091743,0.024654,No,No,True,No,0.5
513,0.054903,0.05941,0.004507,No,No,True,No,0.5
514,0.484229,0.434183,0.050046,No,No,True,Yes,0.5
515,0.082578,0.105064,0.022486,No,No,True,No,0.5
516,0.040519,0.050303,0.009784,No,No,True,No,0.5
517,0.242375,0.184172,0.058203,No,No,True,No,0.5
518,0.43817,0.378567,0.059603,No,No,True,No,0.5
519,0.134918,0.144365,0.009448,No,No,True,No,0.5
520,0.041069,0.079607,0.038539,No,No,True,No,0.5
521,0.318915,0.206399,0.112515,No,No,True,No,0.5
522,0.176977,0.180863,0.003885,No,No,True,No,0.5
523,0.509446,0.487386,0.02206,Yes,No,False,Yes,0.5
524,0.116234,0.108852,0.007382,No,No,True,Yes,0.5
525,0.426327,0.38601,0.040316,No,No,True,Yes,0.5
526,0.124861,0.135778,0.010917,No,No,True,No,0.5
527,0.207713,0.31878,0.111067,No,No,True,No,0.5
528,0.319271,0.266864,0.052407,No,No,True,No,0.5
529,0.004993,0.023309,0.018316,No,No,True,No,0.5
530,0.548324,0.459595,0.088729,Yes,No,False,No,0.5
531,0.091022,0.095986,0.004964,No,No,True,No,0.5
532,0.315947,0.255389,0.060558,No,No,True,No,0.5
533,0.677889,0.690963,0.013074,Yes,Yes,True,Yes,0.5
534,0.107775,0.073934,0.03384,No,No,True,Yes,0.5
535,0.137598,0.190915,0.053317,No,No,True,No,0.5
536,0.357057,0.240491,0.116566,No,No,True,No,0.5
537,0.003693,0.025022,0.021329,No,No,True,No,0.5
538,0.642724,0.591805,0.05092,Yes,Yes,True,Yes,0.5
539,0.250132,0.239363,0.010769,No,No,True,Yes,0.5
540,0.22559,0.34679,0.1212,No,No,True,Yes,0.5
541,0.089325,0.120198,0.030873,No,No,True,No,0.5
542,0.628037,0.781,0.152963,Yes,Yes,True,Yes,0.5
543,0.053422,0.121572,0.06815,No,No,True,No,0.5
544,0.614566,0.567498,0.047068,Yes,Yes,True,Yes,0.5
545,0.195218,0.147411,0.047806,No,No,True,No,0.5
546,0.022002,0.057509,0.035507,No,No,True,No,0.5
547,0.033837,0.091898,0.05806,No,No,True,No,0.5
548,0.55235,0.516486,0.035864,Yes,Yes,True,No,0.5
549,0.0046,0.022144,0.017543,No,No,True,No,0.5
550,0.196043,0.120642,0.075401,No,No,True,Yes,0.5
551,0.041728,0.045433,0.003705,No,No,True,No,0.5
552,0.453525,0.372172,0.081352,No,No,True,No,0.5
553,0.090193,0.135352,0.045159,No,No,True,No,0.5
554,0.005504,0.02309,0.017586,No,No,True,No,0.5
555,0.697989,0.641588,0.056402,Yes,Yes,True,No,0.5
556,0.538876,0.629115,0.09024,Yes,Yes,True,Yes,0.5
557,0.556363,0.439096,0.117267,Yes,No,False,Yes,0.5
558,0.120467,0.108112,0.012354,No,No,True,No,0.5
559,0.454207,0.453087,0.001119,No,No,True,No,0.5
560,0.090336,0.155658,0.065322,No,No,True,No,0.5
561,0.267071,0.268304,0.001233,No,No,True,Yes,0.5
562,0.316352,0.36734,0.050988,No,No,True,Yes,0.5
563,0.041213,0.061856,0.020643,No,No,True,No,0.5
564,0.030426,0.07842,0.047994,No,No,True,No,0.5
565,0.579772,0.4275,0.152273,Yes,No,False,No,0.5
566,0.606481,0.733345,0.126864,Yes,Yes,True,Yes,0.5
567,0.703674,0.625841,0.077833,Yes,Yes,True,Yes,0.5
568,0.783876,0.731099,0.052776,Yes,Yes,True,Yes,0.5
569,0.441229,0.429701,0.011528,No,No,True,Yes,0.5
570,0.008407,0.024741,0.016334,No,No,True,No,0.5
571,0.301471,0.420781,0.119309,No,No,True,No,0.5
572,0.627214,0.614058,0.013156,Yes,Yes,True,Yes,0.5
573,0.473191,0.610892,0.137701,No,Yes,False,Yes,0.5
574,0.013563,0.024423,0.01086,No,No,True,No,0.5
575,0.259679,0.350715,0.091036,No,No,True,Yes,0.5
576,0.339038,0.316569,0.022468,No,No,True,No,0.5
577,0.229016,0.192579,0.036436,No,No,True,No,0.5
578,0.009099,0.02502,0.01592,No,No,True,No,0.5
579,0.034139,0.061183,0.027044,No,No,True,No,0.5
580,0.005551,0.025085,0.019534,No,No,True,No,0.5
581,0.627274,0.530106,0.097168,Yes,Yes,True,No,0.5
582,0.002801,0.024805,0.022004,No,No,True,No,0.5
583,0.002242,0.021745,0.019504,No,No,True,No,0.5
584,0.038129,0.079186,0.041057,No,No,True,No,0.5
585,0.021174,0.053314,0.03214,No,No,True,No,0.5
586,0.743225,0.736296,0.006929,Yes,Yes,True,Yes,0.5
587,0.118878,0.17254,0.053663,No,No,True,No,0.5
588,0.068791,0.053782,0.015008,No,No,True,No,0.5
589,0.570989,0.428244,0.142745,Yes,No,False,Yes,0.5
590,0.302553,0.210053,0.092501,No,No,True,No,0.5
591,0.3613,0.383358,0.022057,No,No,True,No,0.5
592,0.251117,0.221537,0.029581,No,No,True,No,0.5
593,0.650216,0.647122,0.003095,Yes,Yes,True,Yes,0.5
594,0.651582,0.797594,0.146012,Yes,Yes,True,Yes,0.5
595,0.068721,0.113255,0.044534,No,No,True,No,0.5
596,0.016945,0.024423,0.007478,No,No,True,No,0.5
597,0.007379,0.03774,0.030361,No,No,True,No,0.5
598,0.38522,0.366828,0.018392,No,No,True,Yes,0.5
599,0.060131,0.055196,0.004935,No,No,True,No,0.5
600,0.156289,0.100985,0.055305,No,No,True,No,0.5
601,0.646805,0.642943,0.003863,Yes,Yes,True,Yes,0.5
602,0.005764,0.024721,0.018957,No,No,True,No,0.5
603,0.664292,0.589281,0.075011,Yes,Yes,True,Yes,0.5
604,0.6922,0.758784,0.066584,Yes,Yes,True,No,0.5
605,0.039437,0.047294,0.007857,No,No,True,No,0.5
606,0.071331,0.127941,0.05661,No,No,True,Yes,0.5
607,0.320725,0.289259,0.031466,No,No,True,Yes,0.5
608,0.199026,0.108783,0.090243,No,No,True,No,0.5
609,0.028791,0.051081,0.02229,No,No,True,No,0.5
610,0.003086,0.023573,0.020487,No,No,True,No,0.5
611,0.184408,0.126421,0.057988,No,No,True,No,0.5
612,0.085606,0.097708,0.012102,No,No,True,No,0.5
613,0.299852,0.265251,0.034601,No,No,True,Yes,0.5
614,0.167695,0.15349,0.014205,No,No,True,No,0.5
615,0.23893,0.154769,0.084161,No,No,True,No,0.5
616,0.012943,0.026133,0.01319,No,No,True,No,0.5
617,0.022809,0.048416,0.025606,No,No,True,No,0.5
618,0.783671,0.868273,0.084602,Yes,Yes,True,Yes,0.5
619,0.193746,0.303115,0.109368,No,No,True,Yes,0.5
620,0.047991,0.07762,0.029628,No,No,True,No,0.5
621,0.755793,0.762775,0.006983,Yes,Yes,True,Yes,0.5
622,0.539423,0.530179,0.009243,Yes,Yes,True,Yes,0.5
623,0.003635,0.020998,0.017363,No,No,True,No,0.5
624,0.008908,0.023687,0.014778,No,No,True,No,0.5
625,0.179619,0.141249,0.03837,No,No,True,Yes,0.5
626,0.007583,0.026283,0.018701,No,No,True,No,0.5
627,0.818052,0.832129,0.014077,Yes,Yes,True,Yes,0.5
628,0.598764,0.462764,0.136,Yes,No,False,Yes,0.5
629,0.706383,0.797594,0.091211,Yes,Yes,True,No,0.5
630,0.774138,0.812875,0.038738,Yes,Yes,True,Yes,0.5
631,0.02522,0.081798,0.056578,No,No,True,No,0.5
632,0.52892,0.347899,0.181021,Yes,No,False,Yes,0.5
633,0.027534,0.04902,0.021485,No,No,True,No,0.5
634,0.619466,0.587257,0.032209,Yes,Yes,True,No,0.5
635,0.087509,0.214659,0.12715,No,No,True,No,0.5
636,0.076296,0.045652,0.030645,No,No,True,No,0.5
637,0.050277,0.057393,0.007116,No,No,True,No,0.5
638,0.122636,0.16815,0.045515,No,No,True,Yes,0.5
639,0.18338,0.180871,0.002509,No,No,True,No,0.5
640,0.003548,0.02553,0.021982,No,No,True,No,0.5
641,0.661329,0.601803,0.059526,Yes,Yes,True,No,0.5
642,0.062033,0.062611,0.000578,No,No,True,No,0.5
643,0.112594,0.066963,0.045631,No,No,True,No,0.5
644,0.005857,0.024151,0.018294,No,No,True,No,0.5
645,0.361271,0.280937,0.080334,No,No,True,No,0.5
646,0.303866,0.262133,0.041733,No,No,True,No,0.5
647,0.81784,0.840281,0.022442,Yes,Yes,True,Yes,0.5
648,0.607343,0.74135,0.134007,Yes,Yes,True,Yes,0.5
649,0.198804,0.1277,0.071105,No,No,True,Yes,0.5
650,0.456435,0.396422,0.060013,No,No,True,Yes,0.5
651,0.314588,0.22924,0.085348,No,No,True,No,0.5
652,0.103865,0.125373,0.021508,No,No,True,Yes,0.5
653,0.68785,0.545082,0.142767,Yes,Yes,True,Yes,0.5
654,0.788945,0.791461,0.002516,Yes,Yes,True,Yes,0.5
655,0.001888,0.024213,0.022325,No,No,True,No,0.5
656,0.112056,0.088057,0.023998,No,No,True,No,0.5
657,0.189246,0.126421,0.062825,No,No,True,No,0.5
658,0.55134,0.388374,0.162966,Yes,No,False,No,0.5
659,0.005129,0.02419,0.019061,No,No,True,No,0.5
660,0.076074,0.166316,0.090242,No,No,True,No,0.5
661,0.066874,0.083275,0.016401,No,No,True,No,0.5
662,0.00973,0.028971,0.01924,No,No,True,No,0.5
663,0.715423,0.708443,0.006979,Yes,Yes,True,No,0.5
664,0.001824,0.021225,0.019401,No,No,True,No,0.5
665,0.107343,0.136782,0.029439,No,No,True,No,0.5
666,0.347365,0.316809,0.030556,No,No,True,No,0.5
667,0.041762,0.093888,0.052126,No,No,True,No,0.5
668,0.260281,0.294914,0.034633,No,No,True,No,0.5
669,0.130332,0.145614,0.015282,No,No,True,No,0.5
670,0.389363,0.499189,0.109826,No,No,True,No,0.5
671,0.212333,0.140332,0.072001,No,No,True,No,0.5
672,0.131929,0.09876,0.033169,No,No,True,No,0.5
673,0.091855,0.172951,0.081096,No,No,True,No,0.5
674,0.64401,0.538706,0.105304,Yes,Yes,True,Yes,0.5
675,0.025258,0.050233,0.024975,No,No,True,No,0.5
676,0.014128,0.041366,0.027239,No,No,True,No,0.5
677,0.15431,0.181068,0.026759,No,No,True,Yes,0.5
678,0.412869,0.486656,0.073787,No,No,True,Yes,0.5
679,0.145748,0.160769,0.015022,No,No,True,Yes,0.5
680,0.017747,0.04197,0.024223,No,No,True,No,0.5
681,0.088706,0.112088,0.023382,No,No,True,No,0.5
682,0.036569,0.084887,0.048318,No,No,True,No,0.5
683,0.168515,0.171216,0.002701,No,No,True,No,0.5
684,0.541819,0.498606,0.043213,Yes,No,False,No,0.5
685,0.625177,0.687674,0.062498,Yes,Yes,True,Yes,0.5
686,0.304257,0.349105,0.044848,No,No,True,No,0.5
687,0.01003,0.027878,0.017847,No,No,True,Yes,0.5
688,0.379929,0.339632,0.040297,No,No,True,No,0.5
689,0.324239,0.28924,0.034999,No,No,True,No,0.5
690,0.031912,0.064928,0.033015,No,No,True,No,0.5
691,0.089762,0.100843,0.011081,No,No,True,No,0.5
692,0.07939,0.087052,0.007661,No,No,True,No,0.5
693,0.747863,0.755307,0.007444,Yes,Yes,True,Yes,0.5
694,0.006407,0.026064,0.019658,No,No,True,No,0.5
695,0.187576,0.168652,0.018924,No,No,True,Yes,0.5
696,0.030369,0.065894,0.035525,No,No,True,No,0.5
697,0.181047,0.115455,0.065592,No,No,True,No,0.5
698,0.079811,0.043769,0.036042,No,No,True,No,0.5
699,0.378266,0.312955,0.06531,No,No,True,No,0.5
700,0.519502,0.43782,0.081682,Yes,No,False,No,0.5
701,0.130402,0.131636,0.001234,No,No,True,No,0.5
702,0.068744,0.064672,0.004072,No,No,True,No,0.5
703,0.012377,0.024818,0.012441,No,No,True,No,0.5
704,0.117869,0.182961,0.065092,No,No,True,No,0.5
705,0.003055,0.023512,0.020457,No,No,True,No,0.5
706,0.174321,0.175121,0.0008,No,No,True,No,0.5
707,0.523414,0.482537,0.040877,Yes,No,False,Yes,0.5
708,0.003685,0.024025,0.020341,No,No,True,No,0.5
709,0.010931,0.029682,0.018751,No,No,True,No,0.5
710,0.709941,0.82368,0.113739,Yes,Yes,True,Yes,0.5
711,0.701057,0.636475,0.064582,Yes,Yes,True,No,0.5
712,0.487529,0.521195,0.033666,No,Yes,False,No,0.5
713,0.678337,0.786905,0.108568,Yes,Yes,True,Yes,0.5
714,0.421545,0.358187,0.063357,No,No,True,Yes,0.5
715,0.070113,0.120143,0.05003,No,No,True,No,0.5
716,0.222136,0.216081,0.006054,No,No,True,No,0.5
717,0.204643,0.247146,0.042503,No,No,True,Yes,0.5
718,0.696337,0.467623,0.228714,Yes,No,False,No,0.5
719,0.112922,0.104658,0.008264,No,No,True,No,0.5
720,0.008712,0.024088,0.015376,No,No,True,No,0.5
721,0.002718,0.024213,0.021495,No,No,True,No,0.5
722,0.210478,0.122419,0.088059,No,No,True,No,0.5
723,0.597847,0.513031,0.084817,Yes,Yes,True,No,0.5
724,0.034803,0.057415,0.022612,No,No,True,No,0.5
725,0.490713,0.339002,0.151711,No,No,True,No,0.5
726,0.534559,0.667177,0.132618,Yes,Yes,True,No,0.5
727,0.021302,0.059855,0.038553,No,No,True,No,0.5
728,0.743244,0.725575,0.017669,Yes,Yes,True,Yes,0.5
729,0.328989,0.340927,0.011938,No,No,True,Yes,0.5
730,0.225559,0.177151,0.048408,No,No,True,No,0.5
731,0.317352,0.262504,0.054848,No,No,True,Yes,0.5
732,0.007007,0.031036,0.024028,No,No,True,No,0.5
733,0.661302,0.816485,0.155183,Yes,Yes,True,No,0.5
734,0.619706,0.539339,0.080366,Yes,Yes,True,No,0.5
735,0.504275,0.586183,0.081907,Yes,Yes,True,Yes,0.5
736,0.068544,0.071218,0.002674,No,No,True,No,0.5
737,0.223136,0.184092,0.039044,No,No,True,No,0.5
738,0.008324,0.024636,0.016313,No,No,True,No,0.5
739,0.047375,0.047847,0.000472,No,No,True,No,0.5
740,0.708931,0.797594,0.088663,Yes,Yes,True,Yes,0.5
741,0.452801,0.292951,0.15985,No,No,True,No,0.5
742,0.192427,0.296145,0.103718,No,No,True,No,0.5
743,0.653319,0.665078,0.011759,Yes,Yes,True,Yes,0.5
744,0.231722,0.275264,0.043542,No,No,True,Yes,0.5
745,0.211867,0.140413,0.071454,No,No,True,Yes,0.5
746,0.738623,0.771889,0.033265,Yes,Yes,True,No,0.5
747,0.011743,0.026821,0.015077,No,No,True,No,0.5
748,0.026989,0.032864,0.005875,No,No,True,No,0.5
749,0.681635,0.809215,0.127579,Yes,Yes,True,Yes,0.5
750,0.053199,0.048252,0.004948,No,No,True,No,0.5
751,0.006567,0.026381,0.019814,No,No,True,No,0.5
752,0.005147,0.024527,0.01938,No,No,True,No,0.5
753,0.255054,0.227872,0.027182,No,No,True,No,0.5
754,0.01187,0.04053,0.02866,No,No,True,No,0.5
755,0.014347,0.034042,0.019695,No,No,True,No,0.5
756,0.308486,0.338594,0.030108,No,No,True,No,0.5
757,0.096522,0.093264,0.003259,No,No,True,Yes,0.5
758,0.454948,0.414506,0.040442,No,No,True,Yes,0.5
759,0.056704,0.051302,0.005401,No,No,True,No,0.5
760,0.528517,0.47055,0.057967,Yes,No,False,No,0.5
761,0.003682,0.023512,0.01983,No,No,True,No,0.5
762,0.742786,0.830593,0.087806,Yes,Yes,True,Yes,0.5
763,0.41476,0.334144,0.080616,No,No,True,No,0.5
764,0.60284,0.528759,0.074081,Yes,Yes,True,No,0.5
765,0.330567,0.226248,0.104319,No,No,True,No,0.5
766,0.369024,0.327156,0.041868,No,No,True,No,0.5
767,0.102905,0.083161,0.019744,No,No,True,No,0.5
768,0.055346,0.056256,0.00091,No,No,True,No,0.5
769,0.088574,0.076249,0.012324,No,No,True,No,0.5
770,0.507879,0.476984,0.030895,Yes,No,False,No,0.5
771,0.678327,0.769914,0.091587,Yes,Yes,True,Yes,0.5
772,0.09601,0.085622,0.010388,No,No,True,No,0.5
773,0.458561,0.320816,0.137745,No,No,True,No,0.5
774,0.734093,0.708238,0.025855,Yes,Yes,True,Yes,0.5
775,0.475539,0.478437,0.002898,No,No,True,No,0.5
776,0.30417,0.338058,0.033888,No,No,True,Yes,0.5
777,0.102706,0.092361,0.010346,No,No,True,No,0.5
778,0.043942,0.056256,0.012314,No,No,True,No,0.5
779,0.035346,0.028943,0.006403,No,No,True,No,0.5
780,0.080813,0.074339,0.006475,No,No,True,No,0.5
781,0.022609,0.05171,0.029101,No,No,True,No,0.5
782,0.024058,0.063038,0.038979,No,No,True,No,0.5
783,0.490758,0.499916,0.009157,No,No,True,Yes,0.5
784,0.013326,0.044057,0.030731,No,No,True,No,0.5
785,0.026532,0.028256,0.001724,No,No,True,No,0.5
786,0.396204,0.367346,0.028858,No,No,True,No,0.5
787,0.113995,0.170128,0.056133,No,No,True,No,0.5
788,0.788992,0.791461,0.002469,Yes,Yes,True,Yes,0.5
789,0.162827,0.142086,0.020741,No,No,True,No,0.5
790,0.053705,0.11912,0.065415,No,No,True,No,0.5
791,0.114289,0.104658,0.009631,No,No,True,No,0.5
792,0.026217,0.071405,0.045188,No,No,True,No,0.5
793,0.003114,0.023902,0.020788,No,No,True,No,0.5
794,0.687162,0.693091,0.005929,Yes,Yes,True,Yes,0.5
795,0.030673,0.046586,0.015914,No,No,True,No,0.5
796,0.040376,0.076346,0.035971,No,No,True,Yes,0.5
797,0.257319,0.428889,0.17157,No,No,True,Yes,0.5
798,0.457024,0.452876,0.004148,No,No,True,No,0.5
799,0.220578,0.233066,0.012488,No,No,True,Yes,0.5
800,0.00734,0.025763,0.018423,No,No,True,No,0.5
801,0.587085,0.456478,0.130607,Yes,No,False,No,0.5
802,0.017159,0.025665,0.008506,No,No,True,No,0.5
803,0.161898,0.156614,0.005283,No,No,True,No,0.5
804,0.063772,0.062238,0.001533,No,No,True,No,0.5
805,0.031968,0.041823,0.009856,No,No,True,No,0.5
806,0.497978,0.375682,0.122296,No,No,True,No,0.5
807,0.219832,0.173517,0.046316,No,No,True,No,0.5
808,0.078129,0.087052,0.008922,No,No,True,No,0.5
809,0.275431,0.315497,0.040066,No,No,True,No,0.5
810,0.257985,0.236811,0.021174,No,No,True,No,0.5
811,0.144379,0.168726,0.024347,No,No,True,No,0.5
812,0.025659,0.046612,0.020953,No,No,True,No,0.5
813,0.661135,0.788066,0.126932,Yes,Yes,True,Yes,0.5
814,0.777761,0.802825,0.025064,Yes,Yes,True,No,0.5
815,0.046966,0.046073,0.000893,No,No,True,No,0.5
816,0.656566,0.784985,0.128419,Yes,Yes,True,Yes,0.5
817,0.533013,0.475433,0.05758,Yes,No,False,No,0.5
818,0.617917,0.530106,0.087812,Yes,Yes,True,Yes,0.5
819,0.024534,0.027611,0.003077,No,No,True,No,0.5
820,0.135812,0.173179,0.037367,No,No,True,No,0.5
821,0.490349,0.41314,0.077208,No,No,True,No,0.5
822,0.112437,0.090885,0.021552,No,No,True,No,0.5
823,0.133128,0.06969,0.063438,No,No,True,No,0.5
824,0.009172,0.027466,0.018294,No,No,True,No,0.5
825,0.06144,0.124171,0.062731,No,No,True,No,0.5
826,0.604451,0.499161,0.10529,Yes,No,False,Yes,0.5
827,0.013102,0.038596,0.025495,No,No,True,No,0.5
828,0.750364,0.725575,0.02479,Yes,Yes,True,Yes,0.5
829,0.51492,0.467753,0.047167,Yes,No,False,Yes,0.5
830,0.704604,0.631532,0.073073,Yes,Yes,True,Yes,0.5
831,0.366792,0.274391,0.0924,No,No,True,No,0.5
832,0.036425,0.062851,0.026426,No,No,True,No,0.5
833,0.678382,0.641588,0.036795,Yes,Yes,True,Yes,0.5
834,0.411024,0.385036,0.025989,No,No,True,No,0.5
835,0.036858,0.087533,0.050675,No,No,True,No,0.5
836,0.02997,0.042326,0.012357,No,No,True,No,0.5
837,0.002018,0.02295,0.020932,No,No,True,No,0.5
838,0.056999,0.03491,0.022089,No,No,True,No,0.5
839,0.509099,0.563033,0.053934,Yes,Yes,True,No,0.5
840,0.030997,0.043305,0.012308,No,No,True,No,0.5
841,0.148695,0.110025,0.03867,No,No,True,Yes,0.5
842,0.259315,0.254374,0.00494,No,No,True,No,0.5
843,0.010228,0.023798,0.01357,No,No,True,No,0.5
844,0.505614,0.34728,0.158334,Yes,No,False,Yes,0.5
845,0.040244,0.034775,0.00547,No,No,True,No,0.5
846,0.089005,0.113874,0.024869,No,No,True,No,0.5
847,0.696472,0.649364,0.047109,Yes,Yes,True,Yes,0.5
848,0.015053,0.061761,0.046707,No,No,True,No,0.5
849,0.075451,0.061332,0.014119,No,No,True,Yes,0.5
850,0.005112,0.02309,0.017978,No,No,True,No,0.5
851,0.02975,0.04942,0.019671,No,No,True,No,0.5
852,0.456763,0.423771,0.032992,No,No,True,No,0.5
853,0.010019,0.038898,0.028879,No,No,True,No,0.5
854,0.535795,0.546041,0.010247,Yes,Yes,True,Yes,0.5
855,0.193746,0.303115,0.109368,No,No,True,No,0.5
856,0.539532,0.391547,0.147985,Yes,No,False,Yes,0.5
857,0.123277,0.207324,0.084047,No,No,True,No,0.5
858,0.282377,0.217722,0.064655,No,No,True,No,0.5
859,0.062331,0.053782,0.008549,No,No,True,No,0.5
860,0.151375,0.103504,0.047871,No,No,True,Yes,0.5
861,0.076863,0.055865,0.020998,No,No,True,No,0.5
862,0.036848,0.041823,0.004976,No,No,True,No,0.5
863,0.483062,0.470647,0.012415,No,No,True,No,0.5
864,0.41818,0.444772,0.026592,No,No,True,No,0.5
865,0.407037,0.396065,0.010972,No,No,True,Yes,0.5
866,0.471895,0.453382,0.018513,No,No,True,No,0.5
867,0.012718,0.0374,0.024682,No,No,True,No,0.5
868,0.014,0.043538,0.029538,No,No,True,No,0.5
869,0.002802,0.021994,0.019192,No,No,True,No,0.5
870,0.319372,0.25346,0.065912,No,No,True,No,0.5
871,0.307164,0.227526,0.079638,No,No,True,No,0.5
872,0.686136,0.835312,0.149176,Yes,Yes,True,Yes,0.5
873,0.341203,0.266864,0.074339,No,No,True,No,0.5
874,0.158598,0.161135,0.002538,No,No,True,Yes,0.5
875,0.22373,0.188643,0.035088,No,No,True,Yes,0.5
876,0.22455,0.177465,0.047085,No,No,True,No,0.5
877,0.233394,0.151,0.082394,No,No,True,No,0.5
878,0.274349,0.21518,0.05917,No,No,True,No,0.5
879,0.020394,0.041823,0.02143,No,No,True,No,0.5
880,0.507359,0.682039,0.17468,Yes,Yes,True,Yes,0.5
881,0.651617,0.631144,0.020472,Yes,Yes,True,No,0.5
882,0.690752,0.641588,0.049164,Yes,Yes,True,Yes,0.5
883,0.006484,0.023734,0.01725,No,No,True,No,0.5
884,0.448341,0.390562,0.057779,No,No,True,No,0.5
885,0.027173,0.088345,0.061171,No,No,True,No,0.5
886,0.085984,0.118181,0.032197,No,No,True,No,0.5
887,0.489665,0.330909,0.158756,No,No,True,No,0.5
888,0.500965,0.395252,0.105713,Yes,No,False,No,0.5
889,0.81701,0.794714,0.022296,Yes,Yes,True,No,0.5
890,0.223474,0.229484,0.006009,No,No,True,Yes,0.5
891,0.152456,0.128875,0.023581,No,No,True,No,0.5
892,0.414925,0.300708,0.114217,No,No,True,No,0.5
893,0.21058,0.158058,0.052522,No,No,True,No,0.5
894,0.446091,0.559562,0.113471,No,Yes,False,Yes,0.5
895,0.004716,0.023734,0.019018,No,No,True,No,0.5
896,0.362851,0.403397,0.040546,No,No,True,Yes,0.5
897,0.01454,0.029682,0.015142,No,No,True,No,0.5
898,0.68528,0.641588,0.043692,Yes,Yes,True,No,0.5
899,0.086084,0.186818,0.100734,No,No,True,No,0.5
900,0.620594,0.748861,0.128266,Yes,Yes,True,No,0.5
901,0.003924,0.022343,0.018419,No,No,True,No,0.5
902,0.116362,0.127152,0.01079,No,No,True,No,0.5
903,0.124452,0.161363,0.036911,No,No,True,No,0.5
904,0.463537,0.61798,0.154443,No,Yes,False,Yes,0.5
905,0.038316,0.031561,0.006756,No,No,True,No,0.5
906,0.544748,0.437795,0.106954,Yes,No,False,No,0.5
907,0.659222,0.610612,0.04861,Yes,Yes,True,Yes,0.5
908,0.211098,0.152975,0.058123,No,No,True,Yes,0.5
909,0.201428,0.235171,0.033744,No,No,True,No,0.5
910,0.101333,0.163348,0.062014,No,No,True,Yes,0.5
911,0.662163,0.797594,0.135431,Yes,Yes,True,Yes,0.5
912,0.056816,0.057687,0.000871,No,No,True,No,0.5
913,0.467172,0.453087,0.014085,No,No,True,No,0.5
914,0.676332,0.586161,0.09017,Yes,Yes,True,Yes,0.5
915,0.069635,0.07021,0.000575,No,No,True,No,0.5
916,0.143623,0.167265,0.023642,No,No,True,No,0.5
917,0.341637,0.22145,0.120186,No,No,True,No,0.5
918,0.068963,0.143262,0.074299,No,No,True,No,0.5
919,0.06586,0.097182,0.031322,No,No,True,No,0.5
920,0.648093,0.535041,0.113053,Yes,Yes,True,No,0.5
921,0.678022,0.543629,0.134394,Yes,Yes,True,Yes,0.5
922,0.068317,0.055001,0.013315,No,No,True,No,0.5
923,0.112311,0.11738,0.00507,No,No,True,Yes,0.5
924,0.00743,0.044456,0.037026,No,No,True,No,0.5
925,0.345692,0.516505,0.170812,No,Yes,False,Yes,0.5
926,0.00911,0.028939,0.019829,No,No,True,No,0.5
927,0.25193,0.216337,0.035593,No,No,True,No,0.5
928,0.193266,0.376836,0.183571,No,No,True,No,0.5
929,0.286531,0.207022,0.079509,No,No,True,No,0.5
930,0.107067,0.076423,0.030644,No,No,True,No,0.5
931,0.025733,0.047425,0.021692,No,No,True,Yes,0.5
932,0.15475,0.073908,0.080842,No,No,True,No,0.5
933,0.383251,0.198631,0.18462,No,No,True,No,0.5
934,0.018533,0.035619,0.017085,No,No,True,No,0.5
935,0.253339,0.281264,0.027924,No,No,True,No,0.5
936,0.486627,0.429067,0.05756,No,No,True,No,0.5
937,0.018018,0.025698,0.00768,No,No,True,No,0.5
938,0.54575,0.477723,0.068026,Yes,No,False,No,0.5
939,0.002652,0.022592,0.01994,No,No,True,No,0.5
940,0.673718,0.818386,0.144668,Yes,Yes,True,Yes,0.5
941,0.021672,0.040798,0.019126,No,No,True,No,0.5
942,0.072722,0.100632,0.027909,No,No,True,No,0.5
943,0.688978,0.660311,0.028668,Yes,Yes,True,No,0.5
944,0.030586,0.02567,0.004916,No,No,True,No,0.5
945,0.517384,0.354197,0.163187,Yes,No,False,No,0.5
946,0.166943,0.208969,0.042026,No,No,True,No,0.5
947,0.723177,0.825326,0.102149,Yes,Yes,True,Yes,0.5
948,0.705016,0.641588,0.063429,Yes,Yes,True,Yes,0.5
949,0.636256,0.550143,0.086113,Yes,Yes,True,Yes,0.5
950,0.543979,0.528023,0.015955,Yes,Yes,True,Yes,0.5
951,0.055458,0.047886,0.007572,No,No,True,Yes,0.5
952,0.715822,0.822272,0.10645,Yes,Yes,True,No,0.5
953,0.005657,0.024423,0.018766,No,No,True,No,0.5
954,0.69254,0.679426,0.013114,Yes,Yes,True,Yes,0.5
955,0.002994,0.022383,0.019389,No,No,True,No,0.5
956,0.39269,0.355877,0.036814,No,No,True,No,0.5
957,0.622671,0.591805,0.030867,Yes,Yes,True,No,0.5
958,0.739015,0.701226,0.03779,Yes,Yes,True,Yes,0.5
959,0.154271,0.106646,0.047625,No,No,True,No,0.5
960,0.695101,0.628897,0.066204,Yes,Yes,True,Yes,0.5
961,0.050158,0.034734,0.015424,No,No,True,No,0.5
962,0.488209,0.358641,0.129568,No,No,True,Yes,0.5
963,0.12438,0.089012,0.035368,No,No,True,No,0.5
964,0.004729,0.023942,0.019213,No,No,True,No,0.5
965,0.028733,0.044791,0.016058,No,No,True,No,0.5
966,0.573176,0.644021,0.070845,Yes,Yes,True,Yes,0.5
967,0.465285,0.331974,0.133311,No,No,True,No,0.5
968,0.003262,0.021936,0.018674,No,No,True,No,0.5
969,0.006893,0.028014,0.021121,No,No,True,No,0.5
970,0.006024,0.024151,0.018128,No,No,True,No,0.5
971,0.29101,0.178432,0.112578,No,No,True,No,0.5
972,0.247055,0.155927,0.091128,No,No,True,No,0.5
973,0.754388,0.737887,0.016501,Yes,Yes,True,No,0.5
974,0.018434,0.038791,0.020356,No,No,True,No,0.5
975,0.122888,0.193734,0.070846,No,No,True,No,0.5
976,0.597212,0.556116,0.041096,Yes,Yes,True,No,0.5
977,0.184011,0.236033,0.052022,No,No,True,No,0.5
978,0.318232,0.320337,0.002105,No,No,True,No,0.5
979,0.425368,0.621504,0.196136,No,Yes,False,Yes,0.5
980,0.501274,0.315112,0.186162,Yes,No,False,Yes,0.5
981,0.20822,0.31878,0.11056,No,No,True,No,0.5
982,0.165065,0.208063,0.042998,No,No,True,No,0.5
983,0.03254,0.042937,0.010397,No,No,True,No,0.5
984,0.005516,0.024791,0.019274,No,No,True,No,0.5
985,0.109082,0.095261,0.013821,No,No,True,No,0.5
986,0.006321,0.02738,0.021059,No,No,True,No,0.5
987,0.729383,0.708238,0.021145,Yes,Yes,True,Yes,0.5
988,0.3572,0.294553,0.062648,No,No,True,No,0.5
989,0.319625,0.424741,0.105116,No,No,True,No,0.5
990,0.041984,0.048966,0.006982,No,No,True,No,0.5
991,0.009305,0.032275,0.02297,No,No,True,No,0.5
992,0.157122,0.14146,0.015662,No,No,True,Yes,0.5
993,0.593057,0.561175,0.031882,Yes,Yes,True,No,0.5
994,0.328988,0.501605,0.172617,No,Yes,False,No,0.5
995,0.810795,0.81317,0.002374,Yes,Yes,True,No,0.5
996,0.238759,0.428889,0.19013,No,No,True,Yes,0.5
997,0.520564,0.459882,0.060683,Yes,No,False,Yes,0.5
998,0.006222,0.023879,0.017658,No,No,True,No,0.5
999,0.350512,0.36022,0.009708,No,No,True,No,0.5
1000,0.420564,0.292675,0.127889,No,No,True,No,0.5
1001,0.551757,0.394067,0.15769,Yes,No,False,No,0.5
1002,0.137861,0.150917,0.013056,No,No,True,No,0.5
1003,0.079609,0.053586,0.026023,No,No,True,No,0.5
1004,0.105957,0.068934,0.037024,No,No,True,No,0.5
1005,0.31976,0.36013,0.04037,No,No,True,Yes,0.5
1006,0.03781,0.056328,0.018518,No,No,True,No,0.5
1007,0.662841,0.567744,0.095097,Yes,Yes,True,Yes,0.5
1008,0.016394,0.030906,0.014512,No,No,True,No,0.5
1009,0.071092,0.052521,0.018571,No,No,True,No,0.5
1010,0.450281,0.381544,0.068737,No,No,True,No,0.5
1011,0.029716,0.081219,0.051503,No,No,True,No,0.5
1012,0.262303,0.187711,0.074592,No,No,True,No,0.5
1013,0.016908,0.040843,0.023934,No,No,True,No,0.5
1014,0.146741,0.138273,0.008468,No,No,True,No,0.5
1015,0.11335,0.094714,0.018636,No,No,True,No,0.5
1016,0.080097,0.070045,0.010052,No,No,True,No,0.5
1017,0.117435,0.119838,0.002403,No,No,True,No,0.5
1018,0.295702,0.23818,0.057522,No,No,True,No,0.5
1019,0.193626,0.303115,0.109488,No,No,True,Yes,0.5
1020,0.018597,0.039218,0.020622,No,No,True,No,0.5
1021,0.004829,0.021557,0.016728,No,No,True,No,0.5
1022,0.52953,0.459459,0.070072,Yes,No,False,No,0.5
1023,0.434886,0.154553,0.280332,No,No,True,No,0.5
1024,0.192547,0.296145,0.103598,No,No,True,Yes,0.5
1025,0.018253,0.057964,0.039712,No,No,True,No,0.5
1026,0.011604,0.042937,0.031333,No,No,True,No,0.5
1027,0.431182,0.546932,0.11575,No,Yes,False,No,0.5
1028,0.152675,0.097308,0.055368,No,No,True,No,0.5
1029,0.189211,0.152893,0.036318,No,No,True,No,0.5
1030,0.012435,0.035942,0.023507,No,No,True,No,0.5
1031,0.056404,0.048252,0.008152,No,No,True,No,0.5
1032,0.231277,0.163941,0.067336,No,No,True,No,0.5
1033,0.182463,0.303115,0.120652,No,No,True,No,0.5
1034,0.751492,0.757768,0.006275,Yes,Yes,True,Yes,0.5
1035,0.259742,0.245621,0.014121,No,No,True,No,0.5
1036,0.212524,0.106512,0.106012,No,No,True,No,0.5
1037,0.048286,0.050548,0.002262,No,No,True,No,0.5
1038,0.244548,0.208576,0.035972,No,No,True,No,0.5
1039,0.214742,0.11063,0.104112,No,No,True,No,0.5
1040,0.652043,0.564173,0.08787,Yes,Yes,True,Yes,0.5
1041,0.058061,0.088388,0.030327,No,No,True,No,0.5
1042,0.084273,0.151738,0.067465,No,No,True,No,0.5
1043,0.029591,0.04036,0.010769,No,No,True,No,0.5
1044,0.036686,0.044404,0.007719,No,No,True,No,0.5
1045,0.265573,0.193684,0.071889,No,No,True,Yes,0.5
1046,0.073152,0.052521,0.020631,No,No,True,No,0.5
1047,0.105272,0.111722,0.00645,No,No,True,No,0.5
1048,0.754829,0.737887,0.016942,Yes,Yes,True,No,0.5
1049,0.259693,0.238308,0.021386,No,No,True,Yes,0.5
1050,0.046425,0.061251,0.014826,No,No,True,No,0.5
1051,0.046365,0.047944,0.001579,No,No,True,No,0.5
1052,0.029357,0.070906,0.041549,No,No,True,No,0.5
1053,0.485904,0.443458,0.042446,No,No,True,No,0.5
1054,0.018875,0.043473,0.024598,No,No,True,No,0.5
1055,0.006543,0.023927,0.017383,No,No,True,No,0.5
1056,0.682565,0.595288,0.087277,Yes,Yes,True,Yes,0.5
1057,0.014136,0.041931,0.027795,No,No,True,No,0.5
1058,0.580259,0.558457,0.021802,Yes,Yes,True,Yes,0.5
1059,0.003243,0.02295,0.019707,No,No,True,No,0.5
1060,0.007894,0.02608,0.018186,No,No,True,No,0.5
1061,0.453803,0.517784,0.06398,No,Yes,False,Yes,0.5
1062,0.026954,0.037249,0.010296,No,No,True,No,0.5
1063,0.224481,0.198521,0.02596,No,No,True,No,0.5
1064,0.516693,0.533339,0.016646,Yes,Yes,True,Yes,0.5
1065,0.173303,0.292023,0.11872,No,No,True,No,0.5
1066,0.73173,0.693503,0.038226,Yes,Yes,True,Yes,0.5
1067,0.257907,0.428889,0.170982,No,No,True,No,0.5
1068,0.052194,0.045234,0.00696,No,No,True,No,0.5
1069,0.007164,0.027817,0.020653,No,No,True,No,0.5
1070,0.151364,0.124985,0.02638,No,No,True,No,0.5
1071,0.292395,0.244653,0.047743,No,No,True,No,0.5
1072,0.262538,0.2186,0.043938,No,No,True,No,0.5
1073,0.590021,0.464419,0.125602,Yes,No,False,No,0.5
1074,0.497089,0.534263,0.037175,No,Yes,False,No,0.5
1075,0.214205,0.166104,0.048102,No,No,True,No,0.5
1076,0.040409,0.049433,0.009025,No,No,True,No,0.5
1077,0.088002,0.106241,0.018238,No,No,True,No,0.5
1078,0.330457,0.334293,0.003836,No,No,True,Yes,0.5
1079,0.090695,0.099124,0.008429,No,No,True,No,0.5
1080,0.119857,0.153126,0.033269,No,No,True,No,0.5
1081,0.019286,0.039845,0.020559,No,No,True,No,0.5
1082,0.573746,0.649179,0.075433,Yes,Yes,True,No,0.5
1083,0.658711,0.797594,0.138883,Yes,Yes,True,Yes,0.5
1084,0.427119,0.388799,0.03832,No,No,True,No,0.5
1085,0.441288,0.371595,0.069694,No,No,True,No,0.5
1086,0.011822,0.026821,0.014998,No,No,True,No,0.5
1087,0.050488,0.041204,0.009284,No,No,True,No,0.5
1088,0.717575,0.67342,0.044154,Yes,Yes,True,Yes,0.5
1089,0.049252,0.044247,0.005005,No,No,True,No,0.5
1090,0.855107,0.888566,0.033459,Yes,Yes,True,Yes,0.5
1091,0.244875,0.350352,0.105477,No,No,True,No,0.5
1092,0.794878,0.677477,0.117402,Yes,Yes,True,No,0.5
1093,0.612954,0.488967,0.123986,Yes,No,False,Yes,0.5
1094,0.413371,0.455091,0.04172,No,No,True,No,0.5
1095,0.07106,0.094817,0.023757,No,No,True,No,0.5
1096,0.035045,0.040271,0.005226,No,No,True,No,0.5
1097,0.191711,0.311724,0.120013,No,No,True,No,0.5
1098,0.088575,0.054177,0.034397,No,No,True,No,0.5
1099,0.005449,0.02553,0.02008,No,No,True,Yes,0.5
1100,0.072789,0.061379,0.01141,No,No,True,Yes,0.5
1101,0.340362,0.403547,0.063184,No,No,True,Yes,0.5
1102,0.584092,0.567074,0.017018,Yes,Yes,True,No,0.5
1103,0.032408,0.030813,0.001595,No,No,True,No,0.5
1104,0.399877,0.342585,0.057291,No,No,True,No,0.5
1105,0.004016,0.024213,0.020197,No,No,True,No,0.5
1106,0.460758,0.403768,0.056991,No,No,True,No,0.5
1107,0.444727,0.332709,0.112017,No,No,True,No,0.5
1108,0.086067,0.067715,0.018352,No,No,True,No,0.5
1109,0.818811,0.875387,0.056576,Yes,Yes,True,Yes,0.5
1110,0.017044,0.025922,0.008878,No,No,True,No,0.5
1111,0.020321,0.035619,0.015298,No,No,True,No,0.5
1112,0.349882,0.497389,0.147506,No,No,True,No,0.5
1113,0.264381,0.234233,0.030149,No,No,True,No,0.5
1114,0.014243,0.039476,0.025233,No,No,True,No,0.5
1115,0.126507,0.125091,0.001416,No,No,True,No,0.5
1116,0.703658,0.790039,0.086381,Yes,Yes,True,Yes,0.5
1117,0.683162,0.664313,0.018849,Yes,Yes,True,Yes,0.5
1118,0.721105,0.810342,0.089236,Yes,Yes,True,Yes,0.5
1119,0.350308,0.372226,0.021918,No,No,True,No,0.5
1120,0.504408,0.524067,0.019659,Yes,Yes,True,Yes,0.5
1121,0.005226,0.023941,0.018715,No,No,True,No,0.5
1122,0.006601,0.035736,0.029135,No,No,True,No,0.5
1123,0.708948,0.709102,0.000154,Yes,Yes,True,No,0.5
1124,0.003666,0.023822,0.020156,No,No,True,No,0.5
1125,0.290296,0.313966,0.02367,No,No,True,No,0.5
1126,0.421537,0.484451,0.062913,No,No,True,No,0.5
1127,0.729216,0.694405,0.034811,Yes,Yes,True,Yes,0.5
1128,0.021093,0.053755,0.032661,No,No,True,No,0.5
1129,0.050745,0.043646,0.007099,No,No,True,No,0.5
1130,0.013427,0.040843,0.027415,No,No,True,No,0.5
1131,0.04837,0.050106,0.001736,No,No,True,No,0.5
1132,0.258446,0.191634,0.066813,No,No,True,No,0.5
1133,0.72057,0.690793,0.029777,Yes,Yes,True,Yes,0.5
1134,0.033717,0.032336,0.001381,No,No,True,No,0.5
1135,0.542014,0.37927,0.162744,Yes,No,False,Yes,0.5
1136,0.005528,0.022954,0.017426,No,No,True,No,0.5
1137,0.305138,0.290691,0.014447,No,No,True,Yes,0.5
1138,0.817163,0.808412,0.008751,Yes,Yes,True,Yes,0.5
1139,0.48945,0.412832,0.076617,No,No,True,Yes,0.5
1140,0.417803,0.342522,0.075281,No,No,True,No,0.5
1141,0.181779,0.104699,0.07708,No,No,True,Yes,0.5
1142,0.010091,0.02502,0.014929,No,No,True,No,0.5
1143,0.006425,0.022104,0.015679,No,No,True,No,0.5
1144,0.030772,0.040843,0.01007,No,No,True,No,0.5
1145,0.06105,0.052715,0.008335,No,No,True,Yes,0.5
1146,0.601113,0.607863,0.00675,Yes,Yes,True,Yes,0.5
1147,0.191401,0.216496,0.025095,No,No,True,No,0.5
1148,0.517486,0.482537,0.03495,Yes,No,False,Yes,0.5
1149,0.318952,0.359327,0.040375,No,No,True,No,0.5
1150,0.500178,0.399007,0.101172,Yes,No,False,Yes,0.5
1151,0.521543,0.420136,0.101407,Yes,No,False,Yes,0.5
1152,0.521962,0.394819,0.127143,Yes,No,False,No,0.5
1153,0.006058,0.033079,0.027021,No,No,True,No,0.5
1154,0.027232,0.045433,0.018201,No,No,True,No,0.5
1155,0.598165,0.443724,0.154442,Yes,No,False,Yes,0.5
1156,0.009521,0.028971,0.01945,No,No,True,No,0.5
1157,0.47909,0.359444,0.119646,No,No,True,Yes,0.5
1158,0.60131,0.55168,0.04963,Yes,Yes,True,Yes,0.5
1159,0.489631,0.581436,0.091805,No,Yes,False,Yes,0.5
1160,0.517613,0.383017,0.134596,Yes,No,False,Yes,0.5
1161,0.18227,0.115455,0.066815,No,No,True,No,0.5
1162,0.034234,0.045254,0.01102,No,No,True,No,0.5
1163,0.589754,0.494025,0.095729,Yes,No,False,Yes,0.5
1164,0.823041,0.827985,0.004944,Yes,Yes,True,Yes,0.5
1165,0.012049,0.036328,0.024279,No,No,True,No,0.5
1166,0.057203,0.055865,0.001337,No,No,True,No,0.5
1167,0.01667,0.039831,0.023161,No,No,True,No,0.5
1168,0.025348,0.046612,0.021264,No,No,True,No,0.5
1169,0.258567,0.226504,0.032064,No,No,True,No,0.5
1170,0.01363,0.051782,0.038152,No,No,True,No,0.5
1171,0.682988,0.536326,0.146662,Yes,Yes,True,No,0.5
1172,0.731857,0.647134,0.084723,Yes,Yes,True,No,0.5
1173,0.455161,0.334552,0.120609,No,No,True,Yes,0.5
1174,0.06866,0.075425,0.006765,No,No,True,No,0.5
1175,0.827946,0.827985,3.9e-05,Yes,Yes,True,Yes,0.5
1176,0.116044,0.09876,0.017284,No,No,True,No,0.5
1177,0.087968,0.107157,0.019189,No,No,True,No,0.5
1178,0.70033,0.715754,0.015424,Yes,Yes,True,Yes,0.5
1179,0.216069,0.22824,0.012171,No,No,True,No,0.5
1180,0.054086,0.041616,0.01247,No,No,True,No,0.5
1181,0.244209,0.343794,0.099585,No,No,True,Yes,0.5
1182,0.445865,0.453087,0.007222,No,No,True,No,0.5
1183,0.087168,0.058108,0.029059,No,No,True,No,0.5
1184,0.097134,0.049751,0.047382,No,No,True,No,0.5
1185,0.025321,0.050295,0.024974,No,No,True,No,0.5
1186,0.416155,0.496477,0.080322,No,No,True,Yes,0.5
1187,0.48693,0.310533,0.176397,No,No,True,No,0.5
1188,0.740302,0.799027,0.058726,Yes,Yes,True,Yes,0.5
1189,0.072361,0.070115,0.002246,No,No,True,No,0.5
1190,0.507429,0.48467,0.02276,Yes,No,False,No,0.5
1191,0.579607,0.467447,0.112161,Yes,No,False,No,0.5
1192,0.401963,0.327386,0.074577,No,No,True,No,0.5
1193,0.240692,0.186327,0.054366,No,No,True,No,0.5
1194,0.005025,0.034881,0.029856,No,No,True,No,0.5
1195,0.084709,0.087347,0.002638,No,No,True,No,0.5
1196,0.026896,0.064738,0.037842,No,No,True,No,0.5
1197,0.800176,0.787825,0.012351,Yes,Yes,True,Yes,0.5
1198,0.072164,0.134102,0.061939,No,No,True,No,0.5
1199,0.00638,0.026487,0.020107,No,No,True,No,0.5
1200,0.513693,0.457958,0.055735,Yes,No,False,Yes,0.5
1201,0.250353,0.205424,0.044928,No,No,True,No,0.5
1202,0.084638,0.157717,0.073079,No,No,True,No,0.5
1203,0.075516,0.071457,0.004059,No,No,True,No,0.5
1204,0.003977,0.023942,0.019965,No,No,True,No,0.5
1205,0.238418,0.248192,0.009774,No,No,True,Yes,0.5
1206,0.216715,0.139314,0.077401,No,No,True,No,0.5
1207,0.141184,0.181303,0.040119,No,No,True,No,0.5
1208,0.463154,0.61798,0.154826,No,Yes,False,No,0.5
1209,0.210623,0.078936,0.131687,No,No,True,No,0.5
1210,0.019583,0.029019,0.009436,No,No,True,No,0.5
1211,0.669951,0.625641,0.04431,Yes,Yes,True,Yes,0.5
1212,0.247676,0.185455,0.062221,No,No,True,No,0.5
1213,0.439824,0.578318,0.138494,No,Yes,False,No,0.5
1214,0.040194,0.129283,0.089089,No,No,True,No,0.5
1215,0.733305,0.643393,0.089912,Yes,Yes,True,No,0.5
1216,0.60284,0.458854,0.143986,Yes,No,False,Yes,0.5
1217,0.496646,0.441724,0.054921,No,No,True,Yes,0.5
1218,0.073993,0.065617,0.008375,No,No,True,No,0.5
1219,0.010499,0.024423,0.013923,No,No,True,No,0.5
1220,0.417267,0.389721,0.027546,No,No,True,No,0.5
1221,0.83208,0.881068,0.048988,Yes,Yes,True,Yes,0.5
1222,0.725229,0.802629,0.0774,Yes,Yes,True,No,0.5
1223,0.576113,0.453423,0.122691,Yes,No,False,Yes,0.5
1224,0.559734,0.498558,0.061176,Yes,No,False,Yes,0.5
1225,0.4456,0.498477,0.052877,No,No,True,No,0.5
1226,0.018526,0.045572,0.027046,No,No,True,No,0.5
1227,0.019731,0.042715,0.022985,No,No,True,No,0.5
1228,0.003536,0.023573,0.020038,No,No,True,No,0.5
1229,0.591199,0.602687,0.011488,Yes,Yes,True,Yes,0.5
1230,0.009159,0.026523,0.017364,No,No,True,No,0.5
1231,0.289732,0.228957,0.060775,No,No,True,No,0.5
1232,0.238652,0.314072,0.07542,No,No,True,No,0.5
1233,0.669923,0.784985,0.115063,Yes,Yes,True,Yes,0.5
1234,0.189681,0.104178,0.085503,No,No,True,No,0.5
1235,0.482769,0.293823,0.188946,No,No,True,No,0.5
1236,0.654528,0.462691,0.191837,Yes,No,False,Yes,0.5
1237,0.012954,0.037854,0.0249,No,No,True,No,0.5
1238,0.075608,0.115238,0.03963,No,No,True,No,0.5
1239,0.003766,0.024507,0.020741,No,No,True,No,0.5
1240,0.096678,0.169069,0.072391,No,No,True,No,0.5
1241,0.047506,0.117296,0.06979,No,No,True,No,0.5
1242,0.091332,0.145821,0.054489,No,No,True,No,0.5
1243,0.461115,0.328645,0.13247,No,No,True,No,0.5
1244,0.023462,0.026503,0.003041,No,No,True,No,0.5
1245,0.070914,0.047562,0.023352,No,No,True,No,0.5
1246,0.386372,0.399578,0.013206,No,No,True,No,0.5
1247,0.261437,0.173606,0.087831,No,No,True,Yes,0.5
1248,0.051324,0.048252,0.003072,No,No,True,No,0.5
1249,0.460152,0.528153,0.068001,No,Yes,False,No,0.5
1250,0.604753,0.537957,0.066795,Yes,Yes,True,Yes,0.5
1251,0.311274,0.242557,0.068717,No,No,True,No,0.5
1252,0.706383,0.797594,0.091211,Yes,Yes,True,Yes,0.5
1253,0.055297,0.052765,0.002532,No,No,True,No,0.5
1254,0.380061,0.355309,0.024752,No,No,True,Yes,0.5
1255,0.375926,0.278699,0.097227,No,No,True,No,0.5
1256,0.005005,0.024527,0.019523,No,No,True,No,0.5
1257,0.567653,0.649179,0.081526,Yes,Yes,True,Yes,0.5
1258,0.055233,0.079607,0.024374,No,No,True,No,0.5
1259,0.751383,0.859626,0.108243,Yes,Yes,True,Yes,0.5
1260,0.015949,0.031715,0.015766,No,No,True,No,0.5
1261,0.016436,0.068018,0.051583,No,No,True,No,0.5
1262,0.017636,0.046085,0.028449,No,No,True,No,0.5
1263,0.125101,0.163502,0.038401,No,No,True,No,0.5
1264,0.10121,0.145431,0.044221,No,No,True,No,0.5
1265,0.009818,0.034511,0.024693,No,No,True,No,0.5
1266,0.158928,0.153688,0.00524,No,No,True,No,0.5
1267,0.619255,0.608308,0.010947,Yes,Yes,True,Yes,0.5
1268,0.013634,0.033099,0.019466,No,No,True,No,0.5
1269,0.681161,0.586161,0.095,Yes,Yes,True,No,0.5
1270,0.597921,0.608935,0.011014,Yes,Yes,True,Yes,0.5
1271,0.368708,0.408133,0.039425,No,No,True,No,0.5
1272,0.07549,0.05787,0.01762,No,No,True,No,0.5
1273,0.001767,0.022396,0.020629,No,No,True,No,0.5
1274,0.722558,0.646133,0.076425,Yes,Yes,True,Yes,0.5
1275,0.36444,0.302767,0.061673,No,No,True,No,0.5
1276,0.157067,0.121925,0.035142,No,No,True,Yes,0.5
1277,0.400654,0.364341,0.036314,No,No,True,Yes,0.5
1278,0.09438,0.072305,0.022075,No,No,True,No,0.5
1279,0.213809,0.19974,0.014069,No,No,True,No,0.5
1280,0.289866,0.247961,0.041904,No,No,True,No,0.5
1281,0.03921,0.034495,0.004715,No,No,True,No,0.5
1282,0.005368,0.025085,0.019718,No,No,True,No,0.5
1283,0.184401,0.151144,0.033256,No,No,True,No,0.5
1284,0.277969,0.342883,0.064914,No,No,True,Yes,0.5
1285,0.744523,0.736296,0.008227,Yes,Yes,True,No,0.5
1286,0.661288,0.609038,0.05225,Yes,Yes,True,Yes,0.5
1287,0.094734,0.056207,0.038527,No,No,True,No,0.5
1288,0.675703,0.641588,0.034116,Yes,Yes,True,Yes,0.5
1289,0.732588,0.809215,0.076627,Yes,Yes,True,Yes,0.5
1290,0.003725,0.02386,0.020134,No,No,True,No,0.5
1291,0.318303,0.345044,0.02674,No,No,True,No,0.5
1292,0.561563,0.55535,0.006214,Yes,Yes,True,Yes,0.5
1293,0.200722,0.083307,0.117415,No,No,True,No,0.5
1294,0.328331,0.331309,0.002978,No,No,True,No,0.5
1295,0.185143,0.171429,0.013714,No,No,True,No,0.5
1296,0.024298,0.057987,0.033689,No,No,True,No,0.5
1297,0.006836,0.023513,0.016677,No,No,True,No,0.5
1298,0.717909,0.708443,0.009465,Yes,Yes,True,No,0.5
1299,0.445892,0.403444,0.042448,No,No,True,No,0.5
1300,0.724105,0.590994,0.133111,Yes,Yes,True,Yes,0.5
1301,0.020335,0.031593,0.011258,No,No,True,No,0.5
1302,0.031081,0.089053,0.057972,No,No,True,No,0.5
1303,0.00698,0.039343,0.032363,No,No,True,No,0.5
1304,0.21945,0.234655,0.015205,No,No,True,No,0.5
1305,0.15158,0.121925,0.029654,No,No,True,No,0.5
1306,0.034844,0.050636,0.015792,No,No,True,No,0.5
1307,0.485906,0.40313,0.082776,No,No,True,No,0.5
1308,0.027251,0.044061,0.016811,No,No,True,No,0.5
1309,0.336806,0.325184,0.011622,No,No,True,Yes,0.5
1310,0.003067,0.023512,0.020445,No,No,True,No,0.5
1311,0.171241,0.134217,0.037025,No,No,True,No,0.5
1312,0.174844,0.150337,0.024507,No,No,True,No,0.5
1313,0.29935,0.237922,0.061427,No,No,True,No,0.5
1314,0.495521,0.396108,0.099414,No,No,True,Yes,0.5
1315,0.131813,0.09876,0.033053,No,No,True,No,0.5
1316,0.123948,0.076525,0.047424,No,No,True,No,0.5
1317,0.097489,0.159786,0.062297,No,No,True,No,0.5
1318,0.28357,0.263989,0.019582,No,No,True,Yes,0.5
1319,0.014991,0.027037,0.012046,No,No,True,No,0.5
1320,0.504383,0.571828,0.067445,Yes,Yes,True,Yes,0.5
1321,0.012066,0.024636,0.01257,No,No,True,No,0.5
1322,0.382841,0.406044,0.023203,No,No,True,Yes,0.5
1323,0.06257,0.099594,0.037024,No,No,True,No,0.5
1324,0.118288,0.061217,0.057072,No,No,True,No,0.5
1325,0.120314,0.098971,0.021343,No,No,True,No,0.5
1326,0.234253,0.164095,0.070158,No,No,True,No,0.5
1327,0.595965,0.646718,0.050752,Yes,Yes,True,Yes,0.5
1328,0.006216,0.027447,0.021231,No,No,True,No,0.5
1329,0.087019,0.103999,0.01698,No,No,True,No,0.5
1330,0.058864,0.10315,0.044286,No,No,True,No,0.5
1331,0.401848,0.316898,0.084949,No,No,True,Yes,0.5
1332,0.137265,0.166294,0.02903,No,No,True,No,0.5
1333,0.43607,0.60093,0.16486,No,Yes,False,Yes,0.5
1334,0.653918,0.515553,0.138365,Yes,Yes,True,Yes,0.5
1335,0.02348,0.041823,0.018344,No,No,True,No,0.5
1336,0.082403,0.056017,0.026385,No,No,True,No,0.5
1337,0.198003,0.17598,0.022023,No,No,True,No,0.5
1338,0.643378,0.71125,0.067872,Yes,Yes,True,Yes,0.5
1339,0.665422,0.591829,0.073593,Yes,Yes,True,Yes,0.5
1340,0.006041,0.039445,0.033404,No,No,True,No,0.5
1341,0.043206,0.041071,0.002134,No,No,True,No,0.5
1342,0.0069,0.02577,0.018869,No,No,True,No,0.5
1343,0.077084,0.077625,0.000541,No,No,True,No,0.5
1344,0.002141,0.021745,0.019604,No,No,True,No,0.5
1345,0.010567,0.026378,0.015812,No,No,True,No,0.5
1346,0.635982,0.64214,0.006159,Yes,Yes,True,Yes,0.5
1347,0.398964,0.385913,0.013051,No,No,True,Yes,0.5
1348,0.007885,0.025422,0.017537,No,No,True,No,0.5
1349,0.427968,0.431881,0.003912,No,No,True,No,0.5
1350,0.040137,0.04846,0.008323,No,No,True,No,0.5
1351,0.141007,0.14794,0.006933,No,No,True,No,0.5
1352,0.480271,0.46879,0.011481,No,No,True,Yes,0.5
1353,0.013594,0.044232,0.030638,No,No,True,No,0.5
1354,0.260415,0.236298,0.024117,No,No,True,No,0.5
1355,0.811211,0.800835,0.010377,Yes,Yes,True,No,0.5
1356,0.044633,0.079216,0.034583,No,No,True,No,0.5
1357,0.175554,0.277414,0.101859,No,No,True,No,0.5
1358,0.026877,0.028943,0.002066,No,No,True,No,0.5
1359,0.253802,0.276505,0.022703,No,No,True,No,0.5
1360,0.202259,0.1149,0.087358,No,No,True,No,0.5
1361,0.237153,0.152595,0.084559,No,No,True,Yes,0.5
1362,0.12888,0.155858,0.026978,No,No,True,Yes,0.5
1363,0.231528,0.218327,0.013201,No,No,True,No,0.5
1364,0.289935,0.236559,0.053376,No,No,True,No,0.5
1365,0.362281,0.27459,0.087692,No,No,True,No,0.5
1366,0.700553,0.797594,0.097041,Yes,Yes,True,Yes,0.5
1367,0.00495,0.022104,0.017154,No,No,True,No,0.5
1368,0.360024,0.450038,0.090014,No,No,True,No,0.5
1369,0.254634,0.350715,0.096081,No,No,True,No,0.5
1370,0.041387,0.032981,0.008406,No,No,True,No,0.5
1371,0.235801,0.242192,0.006391,No,No,True,No,0.5
1372,0.137954,0.17242,0.034467,No,No,True,No,0.5
1373,0.612305,0.596713,0.015592,Yes,Yes,True,Yes,0.5
1374,0.475263,0.349843,0.12542,No,No,True,Yes,0.5
1375,0.021662,0.032736,0.011074,No,No,True,No,0.5
1376,0.047206,0.091911,0.044705,No,No,True,No,0.5
1377,0.559034,0.480801,0.078233,Yes,No,False,Yes,0.5
1378,0.525536,0.39615,0.129385,Yes,No,False,Yes,0.5
1379,0.61785,0.674399,0.056548,Yes,Yes,True,Yes,0.5
1380,0.023843,0.046358,0.022514,No,No,True,No,0.5
1381,0.186647,0.164454,0.022193,No,No,True,No,0.5
1382,0.427319,0.247475,0.179844,No,No,True,No,0.5
1383,0.012306,0.041931,0.029626,No,No,True,No,0.5
1384,0.2212,0.212381,0.00882,No,No,True,No,0.5
1385,0.186219,0.177439,0.00878,No,No,True,Yes,0.5
1386,0.44331,0.534061,0.09075,No,Yes,False,No,0.5
1387,0.09164,0.103289,0.011649,No,No,True,No,0.5
1388,0.466576,0.450961,0.015615,No,No,True,Yes,0.5
1389,0.055437,0.04909,0.006347,No,No,True,No,0.5
1390,0.457786,0.469402,0.011616,No,No,True,No,0.5
1391,0.352768,0.283077,0.069692,No,No,True,No,0.5
1392,0.027991,0.036247,0.008256,No,No,True,No,0.5
1393,0.692063,0.809215,0.117151,Yes,Yes,True,Yes,0.5
1394,0.029839,0.070435,0.040596,No,No,True,No,0.5
1395,0.343951,0.366563,0.022612,No,No,True,No,0.5
1396,0.621508,0.601303,0.020205,Yes,Yes,True,No,0.5
1397,0.195435,0.25796,0.062525,No,No,True,No,0.5
1398,0.03709,0.032336,0.004754,No,No,True,No,0.5
1399,0.704431,0.711096,0.006665,Yes,Yes,True,Yes,0.5
1400,0.057132,0.045164,0.011968,No,No,True,No,0.5
1401,0.012886,0.03366,0.020774,No,No,True,No,0.5
1402,0.009993,0.032504,0.022511,No,No,True,No,0.5
1403,0.028339,0.028417,7.9e-05,No,No,True,No,0.5
1404,0.038651,0.059581,0.02093,No,No,True,No,0.5
1405,0.018609,0.02722,0.008612,No,No,True,No,0.5
1406,0.154202,0.121925,0.032277,No,No,True,No,0.5
1407,0.004442,0.023512,0.019069,No,No,True,No,0.5
1408,0.006426,0.022143,0.015718,No,No,True,No,0.5
