threshold,accuracy,precision,recall,f1,tp,fp,tn,fn,n_predicted_positive,n_predicted_negative
0.1,0.6075230660042583,0.3997760358342665,0.9545454545454546,0.56353591160221,357,536,499,17,893,516
0.15,0.6685592618878637,0.4392156862745098,0.8983957219251337,0.5899912203687445,336,429,606,38,765,644
0.2,0.71611071682044,0.48006134969325154,0.8368983957219251,0.6101364522417154,313,339,696,61,652,757
0.25,0.7473385379701917,0.5152027027027027,0.8155080213903744,0.6314699792960663,305,287,748,69,592,817
0.3,0.7629524485450674,0.5375939849624061,0.7647058823529411,0.6313465783664459,286,246,789,88,532,877
0.35,0.7799858055358411,0.5701754385964912,0.6951871657754011,0.6265060240963856,260,196,839,114,456,953
0.4,0.7906316536550745,0.6,0.6336898395721925,0.6163849154746424,237,158,877,137,395,1014
0.45,0.7977288857345636,0.6297376093294461,0.5775401069518716,0.602510460251046,216,127,908,158,343,1066
0.5,0.8019872249822569,0.6727272727272727,0.4946524064171123,0.5701078582434514,185,90,945,189,275,1134
0.55,0.8026969481902059,0.7123893805309734,0.4304812834224599,0.5366666666666666,161,65,970,213,226,1183
0.6,0.794889992902768,0.7348066298342542,0.35561497326203206,0.47927927927927927,133,48,987,241,181,1228
0.65,0.7821149751596878,0.7596899224806202,0.2620320855614973,0.38966202783300197,98,31,1004,276,129,1280
0.7,0.7721788502484032,0.7731958762886598,0.20053475935828877,0.3184713375796178,75,22,1013,299,97,1312
0.75,0.7650816181689141,0.8115942028985508,0.1497326203208556,0.2528216704288939,56,13,1022,318,69,1340
0.8,0.7501774308019872,0.8055555555555556,0.07754010695187166,0.14146341463414633,29,7,1028,345,36,1373
0.85,0.7381121362668559,1.0,0.013368983957219251,0.026385224274406333,5,0,1035,369,5,1404
0.9,0.7345635202271115,0.0,0.0,0.0,0,0,1035,374,0,1409
